Workbook

Sheet Messy_Employee_dataset
A1: Employee_ID | B1: First_Name | C1: Last_Name | D1: Age | E1: Department_Region | F1: Status | G1: Join_Date | H1: Salary | I1: Email | J1: Phone | K1: Performance_Score | L1: Remote_Work
A2: EMP1000 | B2: Bob | C2: Davis | D2: 25 | E2: DevOps-California | F2: Active | G2: 44288 | H2: 59767.65 | I2: bob.davis@example.com | J2: -1651623197 | K2: Average | L2: TRUE
A3: EMP1001 | B3: Bob | C3: Brown | E3: Finance-Texas | F3: Active | G3: 44022 | H3: 65304.66 | I3: bob.brown@example.com | J3: -1898471390 | K3: Excellent | L3: TRUE
A4: EMP1002 | B4: Alice | C4: Jones | E4: Admin-Nevada | F4: Pending | G4: 45267 | H4: 88145.9 | I4: alice.jones@example.com | J4: -5596363211 | K4: Good | L4: TRUE
A5: EMP1003 | B5: Eva | C5: Davis | D5: 25 | E5: Admin-Nevada | F5: Inactive | G5: 44527 | H5: 69450.99 | I5: eva.davis@example.com | J5: -3476490784 | K5: Good | L5: TRUE
A6: EMP1004 | B6: Frank | C6: Williams | D6: 25 | E6: Cloud Tech-Florida | F6: Active | G6: 44566 | H6: 109324.61 | I6: frank.williams@example.com | J6: -1586734256 | K6: Poor | L6: FALSE
A7: EMP1005 | B7: Alice | C7: Garcia | D7: 40 | E7: Sales-Texas | F7: Inactive | G7: 43992 | H7: 88642.84 | I7: alice.garcia@example.com | J7: -5409003485 | K7: Good | L7: FALSE
A8: EMP1006 | B8: Frank | C8: Jones | E8: Admin-Nevada | F8: Active | G8: 43924 | H8: 96288.43 | I8: frank.jones@example.com | J8: -4518376063 | K8: Good | L8: FALSE
A9: EMP1007 | B9: Bob | C9: Jones | D9: 30 | E9: Cloud Tech-Florida | F9: Inactive | G9: 44759 | H9: 94497.91 | I9: bob.jones@example.com | J9: -4134327559 | K9: Average | L9: TRUE
A10: EMP1008 | B10: Frank | C10: Davis | D10: 35 | E10: Admin-Nevada | F10: Inactive | G10: 45268 | H10: 115565.82 | I10: frank.davis@example.com | J10: -4177656123 | K10: Excellent | L10: TRUE
A11: EMP1009 | B11: Charlie | C11: Johnson | E11: DevOps-New York | F11: Active | G11: 44777 | H11: 76561.88 | I11: charlie.johnson@example.com | J11: -8156985699 | K11: Excellent | L11: TRUE
A12: EMP1010 | B12: David | C12: Williams | D12: 35 | E12: Cloud Tech-New York | F12: Active | G12: 45479 | H12: 72081.71 | I12: david.williams@example.com | J12: -2720634590 | K12: Average | L12: FALSE
A13: EMP1011 | B13: David | C13: Davis | E13: DevOps-California | F13: Active | G13: 45173 | H13: 84946.19 | I13: david.davis@example.com | J13: -1238296576 | K13: Poor | L13: TRUE
A14: EMP1012 | B14: Heidi | C14: Williams | D14: 30 | E14: HR-New York | F14: Active | G14: 45356 | H14: 89295.77 | I14: heidi.williams@example.com | J14: -2429543164 | K14: Excellent | L14: FALSE
A15: EMP1013 | B15: Grace | C15: Williams | E15: Finance-California | F15: Active | G15: 44114 | H15: 85666.84 | I15: grace.williams@example.com | J15: -2669300892 | K15: Good | L15: FALSE
A16: EMP1014 | B16: Alice | C16: Garcia | D16: 25 | E16: Admin-Nevada | F16: Active | G16: 45453 | H16: 97633.68 | I16: alice.garcia@example.com | J16: -1734206968 | K16: Excellent | L16: TRUE
A17: EMP1015 | B17: Grace | C17: Jones | D17: 40 | E17: Sales-Florida | F17: Pending | G17: 44345 | H17: 117975.49 | I17: grace.jones@example.com | J17: -4215291085 | K17: Good | L17: TRUE
A18: EMP1016 | B18: Alice | C18: Brown | D18: 25 | E18: DevOps-Illinois | F18: Inactive | G18: 45405 | H18: 94867.33 | I18: alice.brown@example.com | J18: -7713334475 | K18: Poor | L18: FALSE
A19: EMP1017 | B19: Grace | C19: Garcia | D19: 30 | E19: Finance-Texas | F19: Pending | G19: 45624 | H19: 100377.65 | I19: grace.garcia@example.com | J19: -2639343625 | K19: Average | L19: TRUE
A20: EMP1018 | B20: Charlie | C20: Garcia | E20: Cloud Tech-Nevada | F20: Inactive | G20: 45554 | H20: 94726.46 | I20: charlie.garcia@example.com | J20: -2044397358 | K20: Excellent | L20: FALSE
A21: EMP1019 | B21: Charlie | C21: Williams | D21: 35 | E21: Admin-Illinois | F21: Pending | G21: 43832 | H21: 91926.12 | I21: charlie.williams@example.com | J21: -7107256365 | K21: Average | L21: TRUE
A22: EMP1020 | B22: Bob | C22: Miller | D22: 35 | E22: HR-New York | F22: Active | G22: 44324 | H22: 111460.67 | I22: bob.miller@example.com | J22: -9411800536 | K22: Excellent | L22: TRUE
A23: EMP1021 | B23: Bob | C23: Jones | D23: 40 | E23: Cloud Tech-Illinois | F23: Active | G23: 44093 | H23: 96182.56 | I23: bob.jones@example.com | J23: -5990048963 | K23: Good | L23: FALSE
A24: EMP1022 | B24: Charlie | C24: Johnson | D24: 35 | E24: Sales-Illinois | F24: Inactive | G24: 44264 | H24: 115023.94 | I24: charlie.johnson@example.com | J24: -6528092427 | K24: Average | L24: TRUE
A25: EMP1023 | B25: David | C25: Garcia | D25: 35 | E25: Finance-Nevada | F25: Pending | G25: 44595 | H25: 80667.01 | I25: david.garcia@example.com | J25: -7572158623 | K25: Excellent | L25: FALSE
A26: EMP1024 | B26: Bob | C26: Brown | D26: 30 | E26: Admin-Texas | F26: Inactive | G26: 43874 | H26: 91181.61 | I26: bob.brown@example.com | J26: -1502745643 | K26: Good | L26: TRUE
A27: EMP1025 | B27: David | C27: Miller | D27: 25 | E27: Cloud Tech-Nevada | F27: Pending | G27: 43951 | H27: 66025.92 | I27: david.miller@example.com | J27: -9485625727 | K27: Average | L27: FALSE
A28: EMP1026 | B28: Frank | C28: Miller | D28: 25 | E28: Sales-New York | F28: Inactive | G28: 45201 | H28: 83979.01 | I28: frank.miller@example.com | J28: -7032032073 | K28: Average | L28: FALSE
A29: EMP1027 | B29: Heidi | C29: Johnson | D29: 30 | E29: Finance-Florida | F29: Active | G29: 44024 | H29: 56785.16 | I29: heidi.johnson@example.com | J29: -2761707586 | K29: Excellent | L29: TRUE
A30: EMP1028 | B30: Grace | C30: Garcia | D30: 40 | E30: Finance-Nevada | F30: Active | G30: 45210 | H30: 95741.88 | I30: grace.garcia@example.com | J30: -7712151341 | K30: Excellent | L30: FALSE
A31: EMP1029 | B31: Alice | C31: Brown | D31: 40 | E31: DevOps-California | F31: Active | G31: 44340 | H31: 63411.31 | I31: alice.brown@example.com | J31: -2849939088 | K31: Excellent | L31: TRUE
A32: EMP1030 | B32: Charlie | C32: Jones | D32: 40 | E32: Admin-California | F32: Inactive | G32: 44342 | H32: 111214.02 | I32: charlie.jones@example.com | J32: -2613715040 | K32: Good | L32: TRUE
... A37: EMP1035 | B37: Frank | C37: Jones | D37: 25 | E37: Cloud Tech-Illinois | F37: Inactive | G37: 44860 | H37: 114357.1 | I37: frank.jones@example.com | J37: -6642147648 | K37: Excellent | L37: TRUE
A38: EMP1036 | B38: Alice | C38: Brown | E38: Cloud Tech-New York | F38: Active | G38: 45049 | H38: 54757.26 | I38: alice.brown@example.com | J38: -2515837766 | K38: Poor | L38: FALSE
A39: EMP1037 | B39: Grace | C39: Smith | D39: 25 | E39: Sales-New York | F39: Pending | G39: 45048 | H39: 52781.92 | I39: grace.smith@example.com | J39: -4996165925 | K39: Average | L39: TRUE
A40: EMP1038 | B40: Frank | C40: Smith | D40: 35 | E40: Admin-Nevada | F40: Pending | G40: 44474 | H40: 66708.02 | I40: frank.smith@example.com | J40: -6108573277 | K40: Good | L40: TRUE
A41: EMP1039 | B41: Eva | C41: Williams | D41: 40 | E41: HR-Texas | F41: Active | G41: 44769 | H41: 93481.15 | I41: eva.williams@example.com | J41: -8147617421 | K41: Poor | L41: FALSE
A42: EMP1040 | B42: Bob | C42: Williams | D42: 25 | E42: Sales-New York | F42: Pending | G42: 44374 | H42: 59271.96 | I42: bob.williams@example.com | J42: -4386490809 | K42: Excellent | L42: TRUE
A43: EMP1041 | B43: Bob | C43: Davis | D43: 30 | E43: HR-California | F43: Active | G43: 44728 | H43: 108362.15 | I43: bob.davis@example.com | J43: -8186617944 | K43: Excellent | L43: FALSE
A44: EMP1042 | B44: Alice | C44: Johnson | E44: HR-Nevada | F44: Active | G44: 45629 | H44: 59400.38 | I44: alice.johnson@example.com | J44: -4918017225 | K44: Average | L44: TRUE
A45: EMP1043 | B45: Bob | C45: Garcia | E45: Admin-California | F45: Inactive | G45: 45069 | H45: 64744.08 | I45: bob.garcia@example.com | J45: -164597793 | K45: Excellent | L45: FALSE
A46: EMP1044 | B46: Eva | C46: Brown | E46: Finance-California | F46: Active | G46: 44020 | H46: 94399.91 | I46: eva.brown@example.com | J46: -5232194167 | K46: Good | L46: TRUE
A47: EMP1045 | B47: Alice | C47: Brown | D47: 25 | E47: HR-New York | F47: Pending | G47: 44367 | H47: 61310.74 | I47: alice.brown@example.com | J47: -61027768 | K47: Average | L47: TRUE
A48: EMP1046 | B48: Grace | C48: Garcia | E48: Cloud Tech-Texas | F48: Active | G48: 45639 | H48: 98371.37 | I48: grace.garcia@example.com | J48: -7499564121 | K48: Excellent | L48: FALSE
A49: EMP1047 | B49: Alice | C49: Davis | D49: 35 | E49: Sales-Illinois | F49: Active | G49: 44711 | H49: 58921.19 | I49: alice.davis@example.com | J49: -310303722 | K49: Average | L49: TRUE
A50: EMP1048 | B50: Alice | C50: Miller | D50: 35 | E50: Admin-Nevada | F50: Active | G50: 45196 | H50: 57195.55 | I50: alice.miller@example.com | J50: -6831472759 | K50: Excellent | L50: FALSE
A51: EMP1049 | B51: Grace | C51: Miller | E51: DevOps-New York | F51: Active | G51: 45601 | H51: 61375.12 | I51: grace.miller@example.com | J51: -1227770792 | K51: Excellent | L51: TRUE
A52: EMP1050 | B52: Charlie | C52: Davis | D52: 40 | E52: Cloud Tech-New York | F52: Pending | G52: 44511 | H52: 104767.05 | I52: charlie.davis@example.com | J52: -3496050165 | K52: Excellent | L52: FALSE
A53: EMP1051 | B53: David | C53: Miller | D53: 35 | E53: Admin-Nevada | F53: Active | G53: 44614 | H53: 111051.67 | I53: david.miller@example.com | J53: -7998407677 | K53: Good | L53: FALSE
A54: EMP1052 | B54: David | C54: Williams | D54: 30 | E54: Finance-California | F54: Inactive | G54: 45511 | H54: 105674.18 | I54: david.williams@example.com | J54: -9973080694 | K54: Good | L54: FALSE
A55: EMP1053 | B55: Alice | C55: Brown | D55: 30 | E55: Finance-California | F55: Inactive | G55: 45601 | H55: 54859.45 | I55: alice.brown@example.com | J55: -8146717956 | K55: Average | L55: FALSE
A56: EMP1054 | B56: Frank | C56: Davis | E56: Finance-Nevada | F56: Pending | G56: 44509 | H56: 115746.6 | I56: frank.davis@example.com | J56: -6024375737 | K56: Excellent | L56: TRUE
A57: EMP1055 | B57: Eva | C57: Brown | D57: 30 | E57: Sales-California | F57: Active | G57: 44053 | H57: 91759.99 | I57: eva.brown@example.com | J57: -3959724664 | K57: Excellent | L57: TRUE
A58: EMP1056 | B58: Frank | C58: Garcia | D58: 40 | E58: Sales-Illinois | F58: Active | G58: 44619 | H58: 112965.33 | I58: frank.garcia@example.com | J58: -7293417222 | K58: Good | L58: FALSE
A59: EMP1057 | B59: Alice | C59: Smith | D59: 40 | E59: Cloud Tech-Illinois | F59: Pending | G59: 45237 | H59: 100360.1 | I59: alice.smith@example.com | J59: -2971674337 | K59: Excellent | L59: FALSE
A60: EMP1058 | B60: David | C60: Williams | D60: 35 | E60: Finance-Texas | F60: Pending | G60: 44507 | H60: 93620.88 | I60: david.williams@example.com | J60: -54522800 | K60: Good | L60: FALSE
A61: EMP1059 | B61: Bob | C61: Jones | D61: 35 | E61: Sales-California | F61: Pending | G61: 44667 | H61: 72832.8 | I61: bob.jones@example.com | J61: -5619318373 | K61: Excellent | L61: TRUE
A62: EMP1060 | B62: Charlie | C62: Williams | D62: 30 | E62: Finance-Nevada | F62: Inactive | G62: 45218 | H62: 102369.42 | I62: charlie.williams@example.com | J62: -5508428909 | K62: Average | L62: TRUE
A63: EMP1061 | B63: Eva | C63: Davis | D63: 40 | E63: Sales-Texas | F63: Inactive | G63: 44418 | H63: 64712.79 | I63: eva.davis@example.com | J63: -7711991807 | K63: Excellent | L63: TRUE
A64: EMP1062 | B64: Frank | C64: Jones | D64: 40 | E64: Finance-Florida | F64: Pending | G64: 44268 | H64: 85782.18 | I64: frank.jones@example.com | J64: -1213524786 | K64: Excellent | L64: TRUE
A65: EMP1063 | B65: Charlie | C65: Smith | D65: 25 | E65: HR-Illinois | F65: Pending | G65: 45127 | H65: 93348.26 | I65: charlie.smith@example.com | J65: -1255213759 | K65: Poor | L65: FALSE
A66: EMP1064 | B66: David | C66: Davis | D66: 35 | E66: Admin-New York | F66: Active | G66: 43881 | H66: 53234.96 | I66: david.davis@example.com | J66: -3754821455 | K66: Good | L66: FALSE
A67: EMP1065 | B67: Bob | C67: Johnson | D67: 40 | E67: Finance-Nevada | F67: Pending | G67: 44229 | H67: 100284.21 | I67: bob.johnson@example.com | J67: -5328632665 | K67: Excellent | L67: FALSE
A68: EMP1066 | B68: Grace | C68: Brown | D68: 30 | E68: Admin-Nevada | F68: Pending | G68: 43842 | H68: 112486.19 | I68: grace.brown@example.com | J68: -7850720810 | K68: Excellent | L68: TRUE
... A70: EMP1068 | B70: Bob | C70: Brown | D70: 40 | E70: Admin-Florida | F70: Pending | G70: 44918 | H70: 119152.47 | I70: bob.brown@example.com | J70: -846684549 | K70: Poor | L70: TRUE
A71: EMP1069 | B71: Heidi | C71: Miller | E71: DevOps-Illinois | F71: Inactive | G71: 45532 | H71: 113479.83 | I71: heidi.miller@example.com | J71: -4892673898 | K71: Good | L71: FALSE
A72: EMP1070 | B72: Charlie | C72: Johnson | D72: 40 | E72: Finance-California | F72: Active | G72: 45551 | H72: 94636.3 | I72: charlie.johnson@example.com | J72: -7563410855 | K72: Poor | L72: FALSE
A73: EMP1071 | B73: Heidi | C73: Johnson | D73: 30 | E73: HR-Florida | F73: Active | G73: 45292 | H73: 70000.97 | I73: heidi.johnson@example.com | J73: -2884318847 | K73: Average | L73: TRUE
A74: EMP1072 | B74: Frank | C74: Smith | E74: Cloud Tech-New York | F74: Active | G74: 44304 | H74: 76812.47 | I74: frank.smith@example.com | J74: -5200894345 | K74: Poor | L74: FALSE
A75: EMP1073 | B75: David | C75: Johnson | D75: 25 | E75: Finance-Florida | F75: Inactive | G75: 44942 | H75: 82614.7 | I75: david.johnson@example.com | J75: -8105485100 | K75: Average | L75: TRUE
A76: EMP1074 | B76: Grace | C76: Jones | D76: 40 | E76: Sales-Nevada | F76: Active | G76: 45585 | H76: 111645.97 | I76: grace.jones@example.com | J76: -7490753997 | K76: Good | L76: TRUE
A77: EMP1075 | B77: Heidi | C77: Johnson | D77: 25 | E77: HR-California | F77: Inactive | G77: 45578 | H77: 112414.91 | I77: heidi.johnson@example.com | J77: -9354492682 | K77: Good | L77: FALSE
A78: EMP1076 | B78: David | C78: Brown | D78: 40 | E78: Admin-California | F78: Inactive | G78: 44825 | H78: 52031.74 | I78: david.brown@example.com | J78: -1589357125 | K78: Good | L78: TRUE
A79: EMP1077 | B79: Grace | C79: Brown | D79: 30 | E79: Finance-New York | F79: Pending | G79: 44924 | H79: 51887.65 | I79: grace.brown@example.com | J79: -6110627370 | K79: Good | L79: FALSE
A80: EMP1078 | B80: Alice | C80: Davis | D80: 25 | E80: DevOps-Florida | F80: Active | G80: 45606 | H80: 82318.89 | I80: alice.davis@example.com | J80: -5869886496 | K80: Good | L80: TRUE
A81: EMP1079 | B81: Grace | C81: Brown | D81: 35 | E81: Admin-Florida | F81: Inactive | G81: 44522 | H81: 103286.08 | I81: grace.brown@example.com | J81: -6776228276 | K81: Average | L81: FALSE
A82: EMP1080 | B82: Grace | C82: Davis | D82: 35 | E82: Cloud Tech-Florida | F82: Active | G82: 45365 | H82: 87759.33 | I82: grace.davis@example.com | J82: -2881377027 | K82: Average | L82: FALSE
A83: EMP1081 | B83: Frank | C83: Brown | D83: 30 | E83: DevOps-Texas | F83: Pending | G83: 43913 | H83: 102796.32 | I83: frank.brown@example.com | J83: -5196115939 | K83: Good | L83: FALSE
A84: EMP1082 | B84: David | C84: Jones | D84: 25 | E84: Sales-New York | F84: Active | G84: 44089 | H84: 83149.27 | I84: david.jones@example.com | J84: -8215454469 | K84: Poor | L84: TRUE
A85: EMP1083 | B85: David | C85: Garcia | D85: 40 | E85: DevOps-California | F85: Inactive | G85: 44174 | H85: 92412.49 | I85: david.garcia@example.com | J85: -2296044326 | K85: Excellent | L85: TRUE
A86: EMP1084 | B86: Bob | C86: Davis | D86: 30 | E86: HR-Texas | F86: Pending | G86: 43883 | H86: 115022.1 | I86: bob.davis@example.com | J86: -185106793 | K86: Good | L86: FALSE
... A88: EMP1086 | B88: Bob | C88: Miller | D88: 35 | E88: DevOps-Illinois | F88: Active | G88: 45461 | H88: 118869.1 | I88: bob.miller@example.com | J88: -7725199662 | K88: Excellent | L88: TRUE
A89: EMP1087 | B89: Frank | C89: Smith | E89: Finance-Nevada | F89: Inactive | G89: 43972 | H89: 85417.26 | I89: frank.smith@example.com | J89: -6580741208 | K89: Good | L89: TRUE
A90: EMP1088 | B90: Grace | C90: Brown | D90: 40 | E90: Cloud Tech-Florida | F90: Inactive | G90: 45132 | H90: 112410.25 | I90: grace.brown@example.com | J90: -4818139889 | K90: Good | L90: TRUE
A91: EMP1089 | B91: Charlie | C91: Johnson | D91: 40 | E91: Admin-Nevada | F91: Pending | G91: 45163 | H91: 68905.77 | I91: charlie.johnson@example.com | J91: -9837801819 | K91: Average | L91: FALSE
A92: EMP1090 | B92: Heidi | C92: Garcia | D92: 40 | E92: Finance-Nevada | F92: Pending | G92: 44380 | H92: 72561.32 | I92: heidi.garcia@example.com | J92: -4339718955 | K92: Excellent | L92: TRUE
A93: EMP1091 | B93: Bob | C93: Brown | D93: 35 | E93: Finance-New York | F93: Inactive | G93: 44998 | H93: 92723.22 | I93: bob.brown@example.com | J93: -9070562607 | K93: Excellent | L93: TRUE
A94: EMP1092 | B94: Alice | C94: Johnson | D94: 40 | E94: HR-New York | F94: Inactive | G94: 44265 | H94: 74837.75 | I94: alice.johnson@example.com | J94: -5641118241 | K94: Poor | L94: FALSE
A95: EMP1093 | B95: Eva | C95: Miller | E95: DevOps-California | F95: Pending | G95: 43851 | H95: 86163.91 | I95: eva.miller@example.com | J95: -2412462094 | K95: Average | L95: TRUE
A96: EMP1094 | B96: David | C96: Miller | D96: 40 | E96: Finance-Illinois | F96: Active | G96: 45245 | H96: 83326.52 | I96: david.miller@example.com | J96: -2004615264 | K96: Average | L96: TRUE
A97: EMP1095 | B97: Heidi | C97: Miller | D97: 25 | E97: Cloud Tech-California | F97: Active | G97: 44659 | H97: 98425.1 | I97: heidi.miller@example.com | J97: -4610339936 | K97: Average | L97: TRUE
A98: EMP1096 | B98: Frank | C98: Johnson | D98: 40 | E98: Sales-Illinois | F98: Inactive | G98: 44702 | H98: 119764.2 | I98: frank.johnson@example.com | J98: -8861405785 | K98: Average | L98: FALSE
A99: EMP1097 | B99: Frank | C99: Brown | D99: 40 | E99: HR-California | F99: Inactive | G99: 44303 | H99: 58445.91 | I99: frank.brown@example.com | J99: -1706304890 | K99: Excellent | L99: FALSE
A100: EMP1098 | B100: Bob | C100: Miller | E100: DevOps-New York | F100: Active | G100: 44274 | H100: 101702.33 | I100: bob.miller@example.com | J100: -3824967182 | K100: Excellent | L100: FALSE
A101: EMP1099 | B101: Eva | C101: Jones | D101: 25 | E101: Admin-California | F101: Active | G101: 44570 | H101: N/A | I101: eva.jones@example.com | J101: -2582386869 | K101: Good | L101: FALSE
A102: EMP1100 | B102: Charlie | C102: Davis | D102: 35 | E102: Cloud Tech-Texas | F102: Pending | G102: 44429 | H102: 98819.22 | I102: charlie.davis@example.com | J102: -794200748 | K102: Good | L102: FALSE
A103: EMP1101 | B103: Heidi | C103: Johnson | D103: 25 | E103: Cloud Tech-Illinois | F103: Inactive | G103: 44792 | H103: 83509.99 | I103: heidi.johnson@example.com | J103: -4653984027 | K103: Average | L103: FALSE
A104: EMP1102 | B104: Alice | C104: Johnson | D104: 35 | E104: Finance-Texas | F104: Active | G104: 44651 | H104: 84422.26 | I104: alice.johnson@example.com | J104: -9141612845 | K104: Average | L104: FALSE
A105: EMP1103 | B105: Alice | C105: Brown | D105: 30 | E105: Admin-Illinois | F105: Inactive | G105: 44005 | H105: 119574.27 | I105: alice.brown@example.com | J105: -3985547434 | K105: Average | L105: TRUE
A106: EMP1104 | B106: Grace | C106: Johnson | E106: Sales-Illinois | F106: Active | G106: 45419 | H106: 86580.08 | I106: grace.johnson@example.com | J106: -5379502096 | K106: Good | L106: TRUE
...

Sheet Table_Employee
A1: Employee_ID | B1: First_Name | C1: Last_Name | D1: Age | E1: Department | F1: Region | G1: Status | H1: Join_Date | I1: Salary | J1: Email | K1: Phone | L1: Performance_Score | M1: Remote_Work | N1: Salary_fill | O1: Format_Phone | P1: Phone_AF | Q1: Name_Concat | R1: Tenure | S1: NameConReg
A2: EMP1000 | B2: Bob | C2: Davis | D2: 25 | E2: DevOps | F2: California | G2: Active | H2: 44288 | I2: 59767.65 | J2: bob.davis@example.com | K2: -1651623197 | L2: Average | M2: TRUE | N2: {=IF(Table_Employee!I2="N/A", IFERROR(MEDIAN(_xlfn._xlws.FILTER(Table_Employee_Clean[Salary], (Table_Employee_Clean[Department] = Table_Employee!E2) * (Table_Employee_Clean[Region] = Table_Employee!F2))), "N/A"), Table_Employee!I2)} -> 59767.65 | O2: =" "&SUBSTITUTE(Table_Employee_Clean[[#This Row],[Phone]],"-","") -> 1651623197 | P2: =TEXT(Table_Employee_Clean[[#This Row],[Format_Phone]],"(000) 000-0000") -> (165) 162-3197 | Q2: =CONCATENATE(TRIM(Table_Employee_Clean[[#This Row],[First_Name]])," ",TRIM(Table_Employee_Clean[[#This Row],[Last_Name]])) -> Bob Davis | R2: =DATEDIF(Table_Employee_Clean[[#This Row],[Join_Date]], TODAY(), "y") -> 5 | S2: =CONCATENATE(TRIM(Table_Employee_Clean[[#This Row],[Name_Concat]])," FROM ",TRIM(Table_Employee_Clean[[#This Row],[Region]])) -> Bob Davis FROM California
A3: EMP1001 | B3: Bob | C3: Brown | D3: 30 | E3: Finance | F3: Texas | G3: Active | H3: 44022 | I3: 65304.66 | J3: bob.brown@example.com | K3: -1898471390 | L3: Excellent | M3: TRUE | N3: {=IF(Table_Employee!I3="N/A", IFERROR(MEDIAN(_xlfn._xlws.FILTER(Table_Employee_Clean[Salary], (Table_Employee_Clean[Department] = Table_Employee!E3) * (Table_Employee_Clean[Region] = Table_Employee!F3))), "N/A"), Table_Employee!I3)} -> 65304.66 | O3: =" "&SUBSTITUTE(Table_Employee_Clean[[#This Row],[Phone]],"-","") -> 1898471390 | P3: =TEXT(Table_Employee_Clean[[#This Row],[Format_Phone]],"(000) 000-0000") -> (189) 847-1390 | Q3: =CONCATENATE(TRIM(Table_Employee_Clean[[#This Row],[First_Name]])," ",TRIM(Table_Employee_Clean[[#This Row],[Last_Name]])) -> Bob Brown | R3: =DATEDIF(Table_Employee_Clean[[#This Row],[Join_Date]], TODAY(), "y") -> 6 | S3: =CONCATENATE(TRIM(Table_Employee_Clean[[#This Row],[Name_Concat]])," FROM ",TRIM(Table_Employee_Clean[[#This Row],[Region]])) -> Bob Brown FROM Texas
A4: EMP1002 | B4: Alice | C4: Jones | D4: 30 | E4: Admin | F4: Nevada | G4: Pending | H4: 45267 | I4: 88145.9 | J4: alice.jones@example.com | K4: -5596363211 | L4: Good | M4: TRUE | N4: {=IF(Table_Employee!I4="N/A", IFERROR(MEDIAN(_xlfn._xlws.FILTER(Table_Employee_Clean[Salary], (Table_Employee_Clean[Department] = Table_Employee!E4) * (Table_Employee_Clean[Region] = Table_Employee!F4))), "N/A"), Table_Employee!I4)} -> 88145.9 | O4: =" "&SUBSTITUTE(Table_Employee_Clean[[#This Row],[Phone]],"-","") -> 5596363211 | P4: =TEXT(Table_Employee_Clean[[#This Row],[Format_Phone]],"(000) 000-0000") -> (559) 636-3211 | Q4: =CONCATENATE(TRIM(Table_Employee_Clean[[#This Row],[First_Name]])," ",TRIM(Table_Employee_Clean[[#This Row],[Last_Name]])) -> Alice Jones | R4: =DATEDIF(Table_Employee_Clean[[#This Row],[Join_Date]], TODAY(), "y") -> 2 | S4: =CONCATENATE(TRIM(Table_Employee_Clean[[#This Row],[Name_Concat]])," FROM ",TRIM(Table_Employee_Clean[[#This Row],[Region]])) -> Alice Jones FROM Nevada
A5: EMP1003 | B5: Eva | C5: Davis | D5: 25 | E5: Admin | F5: Nevada | G5: Inactive | H5: 44527 | I5: 69450.99 | J5: eva.davis@example.com | K5: -3476490784 | L5: Good | M5: TRUE | N5: {=IF(Table_Employee!I5="N/A", IFERROR(MEDIAN(_xlfn._xlws.FILTER(Table_Employee_Clean[Salary], (Table_Employee_Clean[Department] = Table_Employee!E5) * (Table_Employee_Clean[Region] = Table_Employee!F5))), "N/A"), Table_Employee!I5)} -> 69450.99 | O5: =" "&SUBSTITUTE(Table_Employee_Clean[[#This Row],[Phone]],"-","") -> 3476490784 | P5: =TEXT(Table_Employee_Clean[[#This Row],[Format_Phone]],"(000) 000-0000") -> (347) 649-0784 | Q5: =CONCATENATE(TRIM(Table_Employee_Clean[[#This Row],[First_Name]])," ",TRIM(Table_Employee_Clean[[#This Row],[Last_Name]])) -> Eva Davis | R5: =DATEDIF(Table_Employee_Clean[[#This Row],[Join_Date]], TODAY(), "y") -> 4 | S5: =CONCATENATE(TRIM(Table_Employee_Clean[[#This Row],[Name_Concat]])," FROM ",TRIM(Table_Employee_Clean[[#This Row],[Region]])) -> Eva Davis FROM Nevada
A6: EMP1004 | B6: Frank | C6: Williams | D6: 25 | E6: Cloud Tech | F6: Florida | G6: Active | H6: 44566 | I6: 109324.61 | J6: frank.williams@example.com | K6: -1586734256 | L6: Poor | M6: FALSE | N6: {=IF(Table_Employee!I6="N/A", IFERROR(MEDIAN(_xlfn._xlws.FILTER(Table_Employee_Clean[Salary], (Table_Employee_Clean[Department] = Table_Employee!E6) * (Table_Employee_Clean[Region] = Table_Employee!F6))), "N/A"), Table_Employee!I6)} -> 109324.61 | O6: =" "&SUBSTITUTE(Table_Employee_Clean[[#This Row],[Phone]],"-","") -> 1586734256 | P6: =TEXT(Table_Employee_Clean[[#This Row],[Format_Phone]],"(000) 000-0000") -> (158) 673-4256 | Q6: =CONCATENATE(TRIM(Table_Employee_Clean[[#This Row],[First_Name]])," ",TRIM(Table_Employee_Clean[[#This Row],[Last_Name]])) -> Frank Williams | R6: =DATEDIF(Table_Employee_Clean[[#This Row],[Join_Date]], TODAY(), "y") -> 4 | S6: =CONCATENATE(TRIM(Table_Employee_Clean[[#This Row],[Name_Concat]])," FROM ",TRIM(Table_Employee_Clean[[#This Row],[Region]])) -> Frank Williams FROM Florida
A7: EMP1005 | B7: Alice | C7: Garcia | D7: 40 | E7: Sales | F7: Texas | G7: Inactive | H7: 43992 | I7: 88642.84 | J7: alice.garcia@example.com | K7: -5409003485 | L7: Good | M7: FALSE | N7: {=IF(Table_Employee!I7="N/A", IFERROR(MEDIAN(_xlfn._xlws.FILTER(Table_Employee_Clean[Salary], (Table_Employee_Clean[Department] = Table_Employee!E7) * (Table_Employee_Clean[Region] = Table_Employee!F7))), "N/A"), Table_Employee!I7)} -> 88642.84 | O7: =" "&SUBSTITUTE(Table_Employee_Clean[[#This Row],[Phone]],"-","") -> 5409003485 | P7: =TEXT(Table_Employee_Clean[[#This Row],[Format_Phone]],"(000) 000-0000") -> (540) 900-3485 | Q7: =CONCATENATE(TRIM(Table_Employee_Clean[[#This Row],[First_Name]])," ",TRIM(Table_Employee_Clean[[#This Row],[Last_Name]])) -> Alice Garcia | R7: =DATEDIF(Table_Employee_Clean[[#This Row],[Join_Date]], TODAY(), "y") -> 6 | S7: =CONCATENATE(TRIM(Table_Employee_Clean[[#This Row],[Name_Concat]])," FROM ",TRIM(Table_Employee_Clean[[#This Row],[Region]])) -> Alice Garcia FROM Texas
A8: EMP1006 | B8: Frank | C8: Jones | D8: 30 | E8: Admin | F8: Nevada | G8: Active | H8: 43924 | I8: 96288.43 | J8: frank.jones@example.com | K8: -4518376063 | L8: Good | M8: FALSE | N8: {=IF(Table_Employee!I8="N/A", IFERROR(MEDIAN(_xlfn._xlws.FILTER(Table_Employee_Clean[Salary], (Table_Employee_Clean[Department] = Table_Employee!E8) * (Table_Employee_Clean[Region] = Table_Employee!F8))), "N/A"), Table_Employee!I8)} -> 96288.43 | O8: =" "&SUBSTITUTE(Table_Employee_Clean[[#This Row],[Phone]],"-","") -> 4518376063 | P8: =TEXT(Table_Employee_Clean[[#This Row],[Format_Phone]],"(000) 000-0000") -> (451) 837-6063 | Q8: =CONCATENATE(TRIM(Table_Employee_Clean[[#This Row],[First_Name]])," ",TRIM(Table_Employee_Clean[[#This Row],[Last_Name]])) -> Frank Jones | R8: =DATEDIF(Table_Employee_Clean[[#This Row],[Join_Date]], TODAY(), "y") -> 6 | S8: =CONCATENATE(TRIM(Table_Employee_Clean[[#This Row],[Name_Concat]])," FROM ",TRIM(Table_Employee_Clean[[#This Row],[Region]])) -> Frank Jones FROM Nevada
A9: EMP1007 | B9: Bob | C9: Jones | D9: 30 | E9: Cloud Tech | F9: Florida | G9: Inactive | H9: 44759 | I9: 94497.91 | J9: bob.jones@example.com | K9: -4134327559 | L9: Average | M9: TRUE | N9: {=IF(Table_Employee!I9="N/A", IFERROR(MEDIAN(_xlfn._xlws.FILTER(Table_Employee_Clean[Salary], (Table_Employee_Clean[Department] = Table_Employee!E9) * (Table_Employee_Clean[Region] = Table_Employee!F9))), "N/A"), Table_Employee!I9)} -> 94497.91 | O9: =" "&SUBSTITUTE(Table_Employee_Clean[[#This Row],[Phone]],"-","") -> 4134327559 | P9: =TEXT(Table_Employee_Clean[[#This Row],[Format_Phone]],"(000) 000-0000") -> (413) 432-7559 | Q9: =CONCATENATE(TRIM(Table_Employee_Clean[[#This Row],[First_Name]])," ",TRIM(Table_Employee_Clean[[#This Row],[Last_Name]])) -> Bob Jones | R9: =DATEDIF(Table_Employee_Clean[[#This Row],[Join_Date]], TODAY(), "y") -> 4 | S9: =CONCATENATE(TRIM(Table_Employee_Clean[[#This Row],[Name_Concat]])," FROM ",TRIM(Table_Employee_Clean[[#This Row],[Region]])) -> Bob Jones FROM Florida
A10: EMP1008 | B10: Frank | C10: Davis | D10: 35 | E10: Admin | F10: Nevada | G10: Inactive | H10: 45268 | I10: 115565.82 | J10: frank.davis@example.com | K10: -4177656123 | L10: Excellent | M10: TRUE | N10: {=IF(Table_Employee!I10="N/A", IFERROR(MEDIAN(_xlfn._xlws.FILTER(Table_Employee_Clean[Salary], (Table_Employee_Clean[Department] = Table_Employee!E10) * (Table_Employee_Clean[Region] = Table_Employee!F10))), "N/A"), Table_Employee!I10)} -> 115565.82 | O10: =" "&SUBSTITUTE(Table_Employee_Clean[[#This Row],[Phone]],"-","") -> 4177656123 | P10: =TEXT(Table_Employee_Clean[[#This Row],[Format_Phone]],"(000) 000-0000") -> (417) 765-6123 | Q10: =CONCATENATE(TRIM(Table_Employee_Clean[[#This Row],[First_Name]])," ",TRIM(Table_Employee_Clean[[#This Row],[Last_Name]])) -> Frank Davis | R10: =DATEDIF(Table_Employee_Clean[[#This Row],[Join_Date]], TODAY(), "y") -> 2 | S10: =CONCATENATE(TRIM(Table_Employee_Clean[[#This Row],[Name_Concat]])," FROM ",TRIM(Table_Employee_Clean[[#This Row],[Region]])) -> Frank Davis FROM Nevada
A11: EMP1009 | B11: Charlie | C11: Johnson | D11: 30 | E11: DevOps | F11: New York | G11: Active | H11: 44777 | I11: 76561.88 | J11: charlie.johnson@example.com | K11: -8156985699 | L11: Excellent | M11: TRUE | N11: {=IF(Table_Employee!I11="N/A", IFERROR(MEDIAN(_xlfn._xlws.FILTER(Table_Employee_Clean[Salary], (Table_Employee_Clean[Department] = Table_Employee!E11) * (Table_Employee_Clean[Region] = Table_Employee!F11))), "N/A"), Table_Employee!I11)} -> 76561.88 | O11: =" "&SUBSTITUTE(Table_Employee_Clean[[#This Row],[Phone]],"-","") -> 8156985699 | P11: =TEXT(Table_Employee_Clean[[#This Row],[Format_Phone]],"(000) 000-0000") -> (815) 698-5699 | Q11: =CONCATENATE(TRIM(Table_Employee_Clean[[#This Row],[First_Name]])," ",TRIM(Table_Employee_Clean[[#This Row],[Last_Name]])) -> Charlie Johnson | R11: =DATEDIF(Table_Employee_Clean[[#This Row],[Join_Date]], TODAY(), "y") -> 4 | S11: =CONCATENATE(TRIM(Table_Employee_Clean[[#This Row],[Name_Concat]])," FROM ",TRIM(Table_Employee_Clean[[#This Row],[Region]])) -> Charlie Johnson FROM New York
A12: EMP1010 | B12: David | C12: Williams | D12: 35 | E12: Cloud Tech | F12: New York | G12: Active | H12: 45479 | I12: 72081.71 | J12: david.williams@example.com | K12: -2720634590 | L12: Average | M12: FALSE | N12: {=IF(Table_Employee!I12="N/A", IFERROR(MEDIAN(_xlfn._xlws.FILTER(Table_Employee_Clean[Salary], (Table_Employee_Clean[Department] = Table_Employee!E12) * (Table_Employee_Clean[Region] = Table_Employee!F12))), "N/A"), Table_Employee!I12)} -> 72081.71 | O12: =" "&SUBSTITUTE(Table_Employee_Clean[[#This Row],[Phone]],"-","") -> 2720634590 | P12: =TEXT(Table_Employee_Clean[[#This Row],[Format_Phone]],"(000) 000-0000") -> (272) 063-4590 | Q12: =CONCATENATE(TRIM(Table_Employee_Clean[[#This Row],[First_Name]])," ",TRIM(Table_Employee_Clean[[#This Row],[Last_Name]])) -> David Williams | R12: =DATEDIF(Table_Employee_Clean[[#This Row],[Join_Date]], TODAY(), "y") -> 2 | S12: =CONCATENATE(TRIM(Table_Employee_Clean[[#This Row],[Name_Concat]])," FROM ",TRIM(Table_Employee_Clean[[#This Row],[Region]])) -> David Williams FROM New York
A13: EMP1011 | B13: David | C13: Davis | D13: 30 | E13: DevOps | F13: California | G13: Active | H13: 45173 | I13: 84946.19 | J13: david.davis@example.com | K13: -1238296576 | L13: Poor | M13: TRUE | N13: {=IF(Table_Employee!I13="N/A", IFERROR(MEDIAN(_xlfn._xlws.FILTER(Table_Employee_Clean[Salary], (Table_Employee_Clean[Department] = Table_Employee!E13) * (Table_Employee_Clean[Region] = Table_Employee!F13))), "N/A"), Table_Employee!I13)} -> 84946.19 | O13: =" "&SUBSTITUTE(Table_Employee_Clean[[#This Row],[Phone]],"-","") -> 1238296576 | P13: =TEXT(Table_Employee_Clean[[#This Row],[Format_Phone]],"(000) 000-0000") -> (123) 829-6576 | Q13: =CONCATENATE(TRIM(Table_Employee_Clean[[#This Row],[First_Name]])," ",TRIM(Table_Employee_Clean[[#This Row],[Last_Name]])) -> David Davis | R13: =DATEDIF(Table_Employee_Clean[[#This Row],[Join_Date]], TODAY(), "y") -> 3 | S13: =CONCATENATE(TRIM(Table_Employee_Clean[[#This Row],[Name_Concat]])," FROM ",TRIM(Table_Employee_Clean[[#This Row],[Region]])) -> David Davis FROM California
... A100: EMP1098 | B100: Bob | C100: Miller | D100: 30 | E100: DevOps | F100: New York | G100: Active | H100: 44274 | I100: 101702.33 | J100: bob.miller@example.com | K100: -3824967182 | L100: Excellent | M100: FALSE | N100: {=IF(Table_Employee!I100="N/A", IFERROR(MEDIAN(_xlfn._xlws.FILTER(Table_Employee_Clean[Salary], (Table_Employee_Clean[Department] = Table_Employee!E100) * (Table_Employee_Clean[Region] = Table_Employee!F100))), "N/A"), Table_Employee!I100)} -> 101702.33 | O100: =" "&SUBSTITUTE(Table_Employee_Clean[[#This Row],[Phone]],"-","") -> 3824967182 | P100: =TEXT(Table_Employee_Clean[[#This Row],[Format_Phone]],"(000) 000-0000") -> (382) 496-7182 | Q100: =CONCATENATE(TRIM(Table_Employee_Clean[[#This Row],[First_Name]])," ",TRIM(Table_Employee_Clean[[#This Row],[Last_Name]])) -> Bob Miller | R100: =DATEDIF(Table_Employee_Clean[[#This Row],[Join_Date]], TODAY(), "y") -> 5 | S100: =CONCATENATE(TRIM(Table_Employee_Clean[[#This Row],[Name_Concat]])," FROM ",TRIM(Table_Employee_Clean[[#This Row],[Region]])) -> Bob Miller FROM New York
A101: EMP1099 | B101: Eva | C101: Jones | D101: 25 | E101: Admin | F101: California | G101: Active | H101: 44570 | I101: N/A | J101: eva.jones@example.com | K101: -2582386869 | L101: Good | M101: FALSE | N101: {=IF(Table_Employee!I101="N/A", IFERROR(MEDIAN(_xlfn._xlws.FILTER(Table_Employee_Clean[Salary], (Table_Employee_Clean[Department] = Table_Employee!E101) * (Table_Employee_Clean[Region] = Table_Employee!F101))), "N/A"), Table_Employee!I101)} -> 93772.61 | O101: =" "&SUBSTITUTE(Table_Employee_Clean[[#This Row],[Phone]],"-","") -> 2582386869 | P101: =TEXT(Table_Employee_Clean[[#This Row],[Format_Phone]],"(000) 000-0000") -> (258) 238-6869 | Q101: =CONCATENATE(TRIM(Table_Employee_Clean[[#This Row],[First_Name]])," ",TRIM(Table_Employee_Clean[[#This Row],[Last_Name]])) -> Eva Jones | R101: =DATEDIF(Table_Employee_Clean[[#This Row],[Join_Date]], TODAY(), "y") -> 4 | S101: =CONCATENATE(TRIM(Table_Employee_Clean[[#This Row],[Name_Concat]])," FROM ",TRIM(Table_Employee_Clean[[#This Row],[Region]])) -> Eva Jones FROM California
A102: EMP1100 | B102: Charlie | C102: Davis | D102: 35 | E102: Cloud Tech | F102: Texas | G102: Pending | H102: 44429 | I102: 98819.22 | J102: charlie.davis@example.com | K102: -794200748 | L102: Good | M102: FALSE | N102: {=IF(Table_Employee!I102="N/A", IFERROR(MEDIAN(_xlfn._xlws.FILTER(Table_Employee_Clean[Salary], (Table_Employee_Clean[Department] = Table_Employee!E102) * (Table_Employee_Clean[Region] = Table_Employee!F102))), "N/A"), Table_Employee!I102)} -> 98819.22 | O102: =" "&SUBSTITUTE(Table_Employee_Clean[[#This Row],[Phone]],"-","") -> 794200748 | P102: =TEXT(Table_Employee_Clean[[#This Row],[Format_Phone]],"(000) 000-0000") -> (079) 420-0748 | Q102: =CONCATENATE(TRIM(Table_Employee_Clean[[#This Row],[First_Name]])," ",TRIM(Table_Employee_Clean[[#This Row],[Last_Name]])) -> Charlie Davis | R102: =DATEDIF(Table_Employee_Clean[[#This Row],[Join_Date]], TODAY(), "y") -> 5 | S102: =CONCATENATE(TRIM(Table_Employee_Clean[[#This Row],[Name_Concat]])," FROM ",TRIM(Table_Employee_Clean[[#This Row],[Region]])) -> Charlie Davis FROM Texas
A103: EMP1101 | B103: Heidi | C103: Johnson | D103: 25 | E103: Cloud Tech | F103: Illinois | G103: Inactive | H103: 44792 | I103: 83509.99 | J103: heidi.johnson@example.com | K103: -4653984027 | L103: Average | M103: FALSE | N103: {=IF(Table_Employee!I103="N/A", IFERROR(MEDIAN(_xlfn._xlws.FILTER(Table_Employee_Clean[Salary], (Table_Employee_Clean[Department] = Table_Employee!E103) * (Table_Employee_Clean[Region] = Table_Employee!F103))), "N/A"), Table_Employee!I103)} -> 83509.99 | O103: =" "&SUBSTITUTE(Table_Employee_Clean[[#This Row],[Phone]],"-","") -> 4653984027 | P103: =TEXT(Table_Employee_Clean[[#This Row],[Format_Phone]],"(000) 000-0000") -> (465) 398-4027 | Q103: =CONCATENATE(TRIM(Table_Employee_Clean[[#This Row],[First_Name]])," ",TRIM(Table_Employee_Clean[[#This Row],[Last_Name]])) -> Heidi Johnson | R103: =DATEDIF(Table_Employee_Clean[[#This Row],[Join_Date]], TODAY(), "y") -> 4 | S103: =CONCATENATE(TRIM(Table_Employee_Clean[[#This Row],[Name_Concat]])," FROM ",TRIM(Table_Employee_Clean[[#This Row],[Region]])) -> Heidi Johnson FROM Illinois
A104: EMP1102 | B104: Alice | C104: Johnson | D104: 35 | E104: Finance | F104: Texas | G104: Active | H104: 44651 | I104: 84422.26 | J104: alice.johnson@example.com | K104: -9141612845 | L104: Average | M104: FALSE | N104: {=IF(Table_Employee!I104="N/A", IFERROR(MEDIAN(_xlfn._xlws.FILTER(Table_Employee_Clean[Salary], (Table_Employee_Clean[Department] = Table_Employee!E104) * (Table_Employee_Clean[Region] = Table_Employee!F104))), "N/A"), Table_Employee!I104)} -> 84422.26 | O104: =" "&SUBSTITUTE(Table_Employee_Clean[[#This Row],[Phone]],"-","") -> 9141612845 | P104: =TEXT(Table_Employee_Clean[[#This Row],[Format_Phone]],"(000) 000-0000") -> (914) 161-2845 | Q104: =CONCATENATE(TRIM(Table_Employee_Clean[[#This Row],[First_Name]])," ",TRIM(Table_Employee_Clean[[#This Row],[Last_Name]])) -> Alice Johnson | R104: =DATEDIF(Table_Employee_Clean[[#This Row],[Join_Date]], TODAY(), "y") -> 4 | S104: =CONCATENATE(TRIM(Table_Employee_Clean[[#This Row],[Name_Concat]])," FROM ",TRIM(Table_Employee_Clean[[#This Row],[Region]])) -> Alice Johnson FROM Texas
A105: EMP1103 | B105: Alice | C105: Brown | D105: 30 | E105: Admin | F105: Illinois | G105: Inactive | H105: 44005 | I105: 119574.27 | J105: alice.brown@example.com | K105: -3985547434 | L105: Average | M105: TRUE | N105: {=IF(Table_Employee!I105="N/A", IFERROR(MEDIAN(_xlfn._xlws.FILTER(Table_Employee_Clean[Salary], (Table_Employee_Clean[Department] = Table_Employee!E105) * (Table_Employee_Clean[Region] = Table_Employee!F105))), "N/A"), Table_Employee!I105)} -> 119574.27 | O105: =" "&SUBSTITUTE(Table_Employee_Clean[[#This Row],[Phone]],"-","") -> 3985547434 | P105: =TEXT(Table_Employee_Clean[[#This Row],[Format_Phone]],"(000) 000-0000") -> (398) 554-7434 | Q105: =CONCATENATE(TRIM(Table_Employee_Clean[[#This Row],[First_Name]])," ",TRIM(Table_Employee_Clean[[#This Row],[Last_Name]])) -> Alice Brown | R105: =DATEDIF(Table_Employee_Clean[[#This Row],[Join_Date]], TODAY(), "y") -> 6 | S105: =CONCATENATE(TRIM(Table_Employee_Clean[[#This Row],[Name_Concat]])," FROM ",TRIM(Table_Employee_Clean[[#This Row],[Region]])) -> Alice Brown FROM Illinois
A106: EMP1104 | B106: Grace | C106: Johnson | D106: 30 | E106: Sales | F106: Illinois | G106: Active | H106: 45419 | I106: 86580.08 | J106: grace.johnson@example.com | K106: -5379502096 | L106: Good | M106: TRUE | N106: {=IF(Table_Employee!I106="N/A", IFERROR(MEDIAN(_xlfn._xlws.FILTER(Table_Employee_Clean[Salary], (Table_Employee_Clean[Department] = Table_Employee!E106) * (Table_Employee_Clean[Region] = Table_Employee!F106))), "N/A"), Table_Employee!I106)} -> 86580.08 | O106: =" "&SUBSTITUTE(Table_Employee_Clean[[#This Row],[Phone]],"-","") -> 5379502096 | P106: =TEXT(Table_Employee_Clean[[#This Row],[Format_Phone]],"(000) 000-0000") -> (537) 950-2096 | Q106: =CONCATENATE(TRIM(Table_Employee_Clean[[#This Row],[First_Name]])," ",TRIM(Table_Employee_Clean[[#This Row],[Last_Name]])) -> Grace Johnson | R106: =DATEDIF(Table_Employee_Clean[[#This Row],[Join_Date]], TODAY(), "y") -> 2 | S106: =CONCATENATE(TRIM(Table_Employee_Clean[[#This Row],[Name_Concat]])," FROM ",TRIM(Table_Employee_Clean[[#This Row],[Region]])) -> Grace Johnson FROM Illinois
A107: EMP1105 | B107: Heidi | C107: Johnson | D107: 35 | E107: Sales | F107: Florida | G107: Inactive | H107: 44995 | I107: 93471.91 | J107: heidi.johnson@example.com | K107: -26876810 | L107: Poor | M107: FALSE | N107: {=IF(Table_Employee!I107="N/A", IFERROR(MEDIAN(_xlfn._xlws.FILTER(Table_Employee_Clean[Salary], (Table_Employee_Clean[Department] = Table_Employee!E107) * (Table_Employee_Clean[Region] = Table_Employee!F107))), "N/A"), Table_Employee!I107)} -> 93471.91 | O107: =" "&SUBSTITUTE(Table_Employee_Clean[[#This Row],[Phone]],"-","") -> 26876810 | P107: =TEXT(Table_Employee_Clean[[#This Row],[Format_Phone]],"(000) 000-0000") -> (002) 687-6810 | Q107: =CONCATENATE(TRIM(Table_Employee_Clean[[#This Row],[First_Name]])," ",TRIM(Table_Employee_Clean[[#This Row],[Last_Name]])) -> Heidi Johnson | R107: =DATEDIF(Table_Employee_Clean[[#This Row],[Join_Date]], TODAY(), "y") -> 3 | S107: =CONCATENATE(TRIM(Table_Employee_Clean[[#This Row],[Name_Concat]])," FROM ",TRIM(Table_Employee_Clean[[#This Row],[Region]])) -> Heidi Johnson FROM Florida
A108: EMP1106 | B108: Bob | C108: Miller | D108: 30 | E108: DevOps | F108: New York | G108: Inactive | H108: 45183 | I108: 55683.12 | J108: bob.miller@example.com | K108: -8071569561 | L108: Poor | M108: TRUE | N108: {=IF(Table_Employee!I108="N/A", IFERROR(MEDIAN(_xlfn._xlws.FILTER(Table_Employee_Clean[Salary], (Table_Employee_Clean[Department] = Table_Employee!E108) * (Table_Employee_Clean[Region] = Table_Employee!F108))), "N/A"), Table_Employee!I108)} -> 55683.12 | O108: =" "&SUBSTITUTE(Table_Employee_Clean[[#This Row],[Phone]],"-","") -> 8071569561 | P108: =TEXT(Table_Employee_Clean[[#This Row],[Format_Phone]],"(000) 000-0000") -> (807) 156-9561 | Q108: =CONCATENATE(TRIM(Table_Employee_Clean[[#This Row],[First_Name]])," ",TRIM(Table_Employee_Clean[[#This Row],[Last_Name]])) -> Bob Miller | R108: =DATEDIF(Table_Employee_Clean[[#This Row],[Join_Date]], TODAY(), "y") -> 3 | S108: =CONCATENATE(TRIM(Table_Employee_Clean[[#This Row],[Name_Concat]])," FROM ",TRIM(Table_Employee_Clean[[#This Row],[Region]])) -> Bob Miller FROM New York
A109: EMP1107 | B109: Bob | C109: Brown | D109: 30 | E109: Cloud Tech | F109: Florida | G109: Inactive | H109: 45242 | I109: 91566.78 | J109: bob.brown@example.com | K109: -175370303 | L109: Good | M109: TRUE | N109: {=IF(Table_Employee!I109="N/A", IFERROR(MEDIAN(_xlfn._xlws.FILTER(Table_Employee_Clean[Salary], (Table_Employee_Clean[Department] = Table_Employee!E109) * (Table_Employee_Clean[Region] = Table_Employee!F109))), "N/A"), Table_Employee!I109)} -> 91566.78 | O109: =" "&SUBSTITUTE(Table_Employee_Clean[[#This Row],[Phone]],"-","") -> 175370303 | P109: =TEXT(Table_Employee_Clean[[#This Row],[Format_Phone]],"(000) 000-0000") -> (017) 537-0303 | Q109: =CONCATENATE(TRIM(Table_Employee_Clean[[#This Row],[First_Name]])," ",TRIM(Table_Employee_Clean[[#This Row],[Last_Name]])) -> Bob Brown | R109: =DATEDIF(Table_Employee_Clean[[#This Row],[Join_Date]], TODAY(), "y") -> 2 | S109: =CONCATENATE(TRIM(Table_Employee_Clean[[#This Row],[Name_Concat]])," FROM ",TRIM(Table_Employee_Clean[[#This Row],[Region]])) -> Bob Brown FROM Florida
A110: EMP1108 | B110: David | C110: Miller | D110: 35 | E110: DevOps | F110: California | G110: Pending | H110: 45591 | I110: 81782.19 | J110: david.miller@example.com | K110: -5319433749 | L110: Good | M110: FALSE | N110: {=IF(Table_Employee!I110="N/A", IFERROR(MEDIAN(_xlfn._xlws.FILTER(Table_Employee_Clean[Salary], (Table_Employee_Clean[Department] = Table_Employee!E110) * (Table_Employee_Clean[Region] = Table_Employee!F110))), "N/A"), Table_Employee!I110)} -> 81782.19 | O110: =" "&SUBSTITUTE(Table_Employee_Clean[[#This Row],[Phone]],"-","") -> 5319433749 | P110: =TEXT(Table_Employee_Clean[[#This Row],[Format_Phone]],"(000) 000-0000") -> (531) 943-3749 | Q110: =CONCATENATE(TRIM(Table_Employee_Clean[[#This Row],[First_Name]])," ",TRIM(Table_Employee_Clean[[#This Row],[Last_Name]])) -> David Miller | R110: =DATEDIF(Table_Employee_Clean[[#This Row],[Join_Date]], TODAY(), "y") -> 1 | S110: =CONCATENATE(TRIM(Table_Employee_Clean[[#This Row],[Name_Concat]])," FROM ",TRIM(Table_Employee_Clean[[#This Row],[Region]])) -> David Miller FROM California
A111: EMP1109 | B111: Eva | C111: Davis | D111: 30 | E111: DevOps | F111: New York | G111: Inactive | H111: 44066 | I111: 88119.37 | J111: eva.davis@example.com | K111: -4793036148 | L111: Good | M111: TRUE | N111: {=IF(Table_Employee!I111="N/A", IFERROR(MEDIAN(_xlfn._xlws.FILTER(Table_Employee_Clean[Salary], (Table_Employee_Clean[Department] = Table_Employee!E111) * (Table_Employee_Clean[Region] = Table_Employee!F111))), "N/A"), Table_Employee!I111)} -> 88119.37 | O111: =" "&SUBSTITUTE(Table_Employee_Clean[[#This Row],[Phone]],"-","") -> 4793036148 | P111: =TEXT(Table_Employee_Clean[[#This Row],[Format_Phone]],"(000) 000-0000") -> (479) 303-6148 | Q111: =CONCATENATE(TRIM(Table_Employee_Clean[[#This Row],[First_Name]])," ",TRIM(Table_Employee_Clean[[#This Row],[Last_Name]])) -> Eva Davis | R111: =DATEDIF(Table_Employee_Clean[[#This Row],[Join_Date]], TODAY(), "y") -> 6 | S111: =CONCATENATE(TRIM(Table_Employee_Clean[[#This Row],[Name_Concat]])," FROM ",TRIM(Table_Employee_Clean[[#This Row],[Region]])) -> Eva Davis FROM New York
A112: EMP1110 | B112: Eva | C112: Garcia | D112: 30 | E112: Cloud Tech | F112: Texas | G112: Active | H112: 45454 | I112: 71532.83 | J112: eva.garcia@example.com | K112: -8728399920 | L112: Good | M112: TRUE | N112: {=IF(Table_Employee!I112="N/A", IFERROR(MEDIAN(_xlfn._xlws.FILTER(Table_Employee_Clean[Salary], (Table_Employee_Clean[Department] = Table_Employee!E112) * (Table_Employee_Clean[Region] = Table_Employee!F112))), "N/A"), Table_Employee!I112)} -> 71532.83 | O112: =" "&SUBSTITUTE(Table_Employee_Clean[[#This Row],[Phone]],"-","") -> 8728399920 | P112: =TEXT(Table_Employee_Clean[[#This Row],[Format_Phone]],"(000) 000-0000") -> (872) 839-9920 | Q112: =CONCATENATE(TRIM(Table_Employee_Clean[[#This Row],[First_Name]])," ",TRIM(Table_Employee_Clean[[#This Row],[Last_Name]])) -> Eva Garcia | R112: =DATEDIF(Table_Employee_Clean[[#This Row],[Join_Date]], TODAY(), "y") -> 2 | S112: =CONCATENATE(TRIM(Table_Employee_Clean[[#This Row],[Name_Concat]])," FROM ",TRIM(Table_Employee_Clean[[#This Row],[Region]])) -> Eva Garcia FROM Texas
A113: EMP1111 | B113: Eva | C113: Davis | D113: 40 | E113: Cloud Tech | F113: Florida | G113: Pending | H113: 44453 | I113: 98981.36 | J113: eva.davis@example.com | K113: -9212493842 | L113: Good | M113: TRUE | N113: {=IF(Table_Employee!I113="N/A", IFERROR(MEDIAN(_xlfn._xlws.FILTER(Table_Employee_Clean[Salary], (Table_Employee_Clean[Department] = Table_Employee!E113) * (Table_Employee_Clean[Region] = Table_Employee!F113))), "N/A"), Table_Employee!I113)} -> 98981.36 | O113: =" "&SUBSTITUTE(Table_Employee_Clean[[#This Row],[Phone]],"-","") -> 9212493842 | P113: =TEXT(Table_Employee_Clean[[#This Row],[Format_Phone]],"(000) 000-0000") -> (921) 249-3842 | Q113: =CONCATENATE(TRIM(Table_Employee_Clean[[#This Row],[First_Name]])," ",TRIM(Table_Employee_Clean[[#This Row],[Last_Name]])) -> Eva Davis | R113: =DATEDIF(Table_Employee_Clean[[#This Row],[Join_Date]], TODAY(), "y") -> 5 | S113: =CONCATENATE(TRIM(Table_Employee_Clean[[#This Row],[Name_Concat]])," FROM ",TRIM(Table_Employee_Clean[[#This Row],[Region]])) -> Eva Davis FROM Florida
... A290: EMP1288 | B290: David | C290: Smith | D290: 30 | E290: Sales | F290: Nevada | G290: Inactive | H290: 45524 | I290: 79939.23 | J290: david.smith@example.com | K290: -8105955183 | L290: Excellent | M290: TRUE | N290: {=IF(Table_Employee!I290="N/A", IFERROR(MEDIAN(_xlfn._xlws.FILTER(Table_Employee_Clean[Salary], (Table_Employee_Clean[Department] = Table_Employee!E290) * (Table_Employee_Clean[Region] = Table_Employee!F290))), "N/A"), Table_Employee!I290)} -> 79939.23 | O290: =" "&SUBSTITUTE(Table_Employee_Clean[[#This Row],[Phone]],"-","") -> 8105955183 | P290: =TEXT(Table_Employee_Clean[[#This Row],[Format_Phone]],"(000) 000-0000") -> (810) 595-5183 | Q290: =CONCATENATE(TRIM(Table_Employee_Clean[[#This Row],[First_Name]])," ",TRIM(Table_Employee_Clean[[#This Row],[Last_Name]])) -> David Smith | R290: =DATEDIF(Table_Employee_Clean[[#This Row],[Join_Date]], TODAY(), "y") -> 2 | S290: =CONCATENATE(TRIM(Table_Employee_Clean[[#This Row],[Name_Concat]])," FROM ",TRIM(Table_Employee_Clean[[#This Row],[Region]])) -> David Smith FROM Nevada
A291: EMP1289 | B291: Grace | C291: Garcia | D291: 25 | E291: Admin | F291: New York | G291: Inactive | H291: 44493 | I291: N/A | J291: grace.garcia@example.com | K291: -2694500533 | L291: Poor | M291: FALSE | N291: {=IF(Table_Employee!I291="N/A", IFERROR(MEDIAN(_xlfn._xlws.FILTER(Table_Employee_Clean[Salary], (Table_Employee_Clean[Department] = Table_Employee!E291) * (Table_Employee_Clean[Region] = Table_Employee!F291))), "N/A"), Table_Employee!I291)} -> 77997.32 | O291: =" "&SUBSTITUTE(Table_Employee_Clean[[#This Row],[Phone]],"-","") -> 2694500533 | P291: =TEXT(Table_Employee_Clean[[#This Row],[Format_Phone]],"(000) 000-0000") -> (269) 450-0533 | Q291: =CONCATENATE(TRIM(Table_Employee_Clean[[#This Row],[First_Name]])," ",TRIM(Table_Employee_Clean[[#This Row],[Last_Name]])) -> Grace Garcia | R291: =DATEDIF(Table_Employee_Clean[[#This Row],[Join_Date]], TODAY(), "y") -> 4 | S291: =CONCATENATE(TRIM(Table_Employee_Clean[[#This Row],[Name_Concat]])," FROM ",TRIM(Table_Employee_Clean[[#This Row],[Region]])) -> Grace Garcia FROM New York
A292: EMP1290 | B292: Grace | C292: Smith | D292: 30 | E292: Finance | F292: California | G292: Inactive | H292: 44449 | I292: 90772.25 | J292: grace.smith@example.com | K292: -2408916497 | L292: Average | M292: FALSE | N292: {=IF(Table_Employee!I292="N/A", IFERROR(MEDIAN(_xlfn._xlws.FILTER(Table_Employee_Clean[Salary], (Table_Employee_Clean[Department] = Table_Employee!E292) * (Table_Employee_Clean[Region] = Table_Employee!F292))), "N/A"), Table_Employee!I292)} -> 90772.25 | O292: =" "&SUBSTITUTE(Table_Employee_Clean[[#This Row],[Phone]],"-","") -> 2408916497 | P292: =TEXT(Table_Employee_Clean[[#This Row],[Format_Phone]],"(000) 000-0000") -> (240) 891-6497 | Q292: =CONCATENATE(TRIM(Table_Employee_Clean[[#This Row],[First_Name]])," ",TRIM(Table_Employee_Clean[[#This Row],[Last_Name]])) -> Grace Smith | R292: =DATEDIF(Table_Employee_Clean[[#This Row],[Join_Date]], TODAY(), "y") -> 5 | S292: =CONCATENATE(TRIM(Table_Employee_Clean[[#This Row],[Name_Concat]])," FROM ",TRIM(Table_Employee_Clean[[#This Row],[Region]])) -> Grace Smith FROM California
A293: EMP1291 | B293: Eva | C293: Williams | D293: 35 | E293: DevOps | F293: New York | G293: Active | H293: 45198 | I293: 58275.74 | J293: eva.williams@example.com | K293: -3735439626 | L293: Good | M293: FALSE | N293: {=IF(Table_Employee!I293="N/A", IFERROR(MEDIAN(_xlfn._xlws.FILTER(Table_Employee_Clean[Salary], (Table_Employee_Clean[Department] = Table_Employee!E293) * (Table_Employee_Clean[Region] = Table_Employee!F293))), "N/A"), Table_Employee!I293)} -> 58275.74 | O293: =" "&SUBSTITUTE(Table_Employee_Clean[[#This Row],[Phone]],"-","") -> 3735439626 | P293: =TEXT(Table_Employee_Clean[[#This Row],[Format_Phone]],"(000) 000-0000") -> (373) 543-9626 | Q293: =CONCATENATE(TRIM(Table_Employee_Clean[[#This Row],[First_Name]])," ",TRIM(Table_Employee_Clean[[#This Row],[Last_Name]])) -> Eva Williams | R293: =DATEDIF(Table_Employee_Clean[[#This Row],[Join_Date]], TODAY(), "y") -> 3 | S293: =CONCATENATE(TRIM(Table_Employee_Clean[[#This Row],[Name_Concat]])," FROM ",TRIM(Table_Employee_Clean[[#This Row],[Region]])) -> Eva Williams FROM New York
A294: EMP1292 | B294: Grace | C294: Smith | D294: 30 | E294: DevOps | F294: California | G294: Pending | H294: 44071 | I294: 94709.79 | J294: grace.smith@example.com | K294: -3652717271 | L294: Excellent | M294: FALSE | N294: {=IF(Table_Employee!I294="N/A", IFERROR(MEDIAN(_xlfn._xlws.FILTER(Table_Employee_Clean[Salary], (Table_Employee_Clean[Department] = Table_Employee!E294) * (Table_Employee_Clean[Region] = Table_Employee!F294))), "N/A"), Table_Employee!I294)} -> 94709.79 | O294: =" "&SUBSTITUTE(Table_Employee_Clean[[#This Row],[Phone]],"-","") -> 3652717271 | P294: =TEXT(Table_Employee_Clean[[#This Row],[Format_Phone]],"(000) 000-0000") -> (365) 271-7271 | Q294: =CONCATENATE(TRIM(Table_Employee_Clean[[#This Row],[First_Name]])," ",TRIM(Table_Employee_Clean[[#This Row],[Last_Name]])) -> Grace Smith | R294: =DATEDIF(Table_Employee_Clean[[#This Row],[Join_Date]], TODAY(), "y") -> 6 | S294: =CONCATENATE(TRIM(Table_Employee_Clean[[#This Row],[Name_Concat]])," FROM ",TRIM(Table_Employee_Clean[[#This Row],[Region]])) -> Grace Smith FROM California
A295: EMP1293 | B295: Frank | C295: Johnson | D295: 30 | E295: Admin | F295: New York | G295: Active | H295: 44810 | I295: 60722.99 | J295: frank.johnson@example.com | K295: -2397240421 | L295: Excellent | M295: TRUE | N295: {=IF(Table_Employee!I295="N/A", IFERROR(MEDIAN(_xlfn._xlws.FILTER(Table_Employee_Clean[Salary], (Table_Employee_Clean[Department] = Table_Employee!E295) * (Table_Employee_Clean[Region] = Table_Employee!F295))), "N/A"), Table_Employee!I295)} -> 60722.99 | O295: =" "&SUBSTITUTE(Table_Employee_Clean[[#This Row],[Phone]],"-","") -> 2397240421 | P295: =TEXT(Table_Employee_Clean[[#This Row],[Format_Phone]],"(000) 000-0000") -> (239) 724-0421 | Q295: =CONCATENATE(TRIM(Table_Employee_Clean[[#This Row],[First_Name]])," ",TRIM(Table_Employee_Clean[[#This Row],[Last_Name]])) -> Frank Johnson | R295: =DATEDIF(Table_Employee_Clean[[#This Row],[Join_Date]], TODAY(), "y") -> 4 | S295: =CONCATENATE(TRIM(Table_Employee_Clean[[#This Row],[Name_Concat]])," FROM ",TRIM(Table_Employee_Clean[[#This Row],[Region]])) -> Frank Johnson FROM New York
A296: EMP1294 | B296: Frank | C296: Johnson | D296: 40 | E296: DevOps | F296: Illinois | G296: Inactive | H296: 45382 | I296: 87626.24 | J296: frank.johnson@example.com | K296: -6931216375 | L296: Good | M296: TRUE | N296: {=IF(Table_Employee!I296="N/A", IFERROR(MEDIAN(_xlfn._xlws.FILTER(Table_Employee_Clean[Salary], (Table_Employee_Clean[Department] = Table_Employee!E296) * (Table_Employee_Clean[Region] = Table_Employee!F296))), "N/A"), Table_Employee!I296)} -> 87626.24 | O296: =" "&SUBSTITUTE(Table_Employee_Clean[[#This Row],[Phone]],"-","") -> 6931216375 | P296: =TEXT(Table_Employee_Clean[[#This Row],[Format_Phone]],"(000) 000-0000") -> (693) 121-6375 | Q296: =CONCATENATE(TRIM(Table_Employee_Clean[[#This Row],[First_Name]])," ",TRIM(Table_Employee_Clean[[#This Row],[Last_Name]])) -> Frank Johnson | R296: =DATEDIF(Table_Employee_Clean[[#This Row],[Join_Date]], TODAY(), "y") -> 2 | S296: =CONCATENATE(TRIM(Table_Employee_Clean[[#This Row],[Name_Concat]])," FROM ",TRIM(Table_Employee_Clean[[#This Row],[Region]])) -> Frank Johnson FROM Illinois
A297: EMP1295 | B297: David | C297: Brown | D297: 30 | E297: DevOps | F297: Illinois | G297: Active | H297: 44907 | I297: 81272.36 | J297: david.brown@example.com | K297: -1820916600 | L297: Poor | M297: FALSE | N297: {=IF(Table_Employee!I297="N/A", IFERROR(MEDIAN(_xlfn._xlws.FILTER(Table_Employee_Clean[Salary], (Table_Employee_Clean[Department] = Table_Employee!E297) * (Table_Employee_Clean[Region] = Table_Employee!F297))), "N/A"), Table_Employee!I297)} -> 81272.36 | O297: =" "&SUBSTITUTE(Table_Employee_Clean[[#This Row],[Phone]],"-","") -> 1820916600 | P297: =TEXT(Table_Employee_Clean[[#This Row],[Format_Phone]],"(000) 000-0000") -> (182) 091-6600 | Q297: =CONCATENATE(TRIM(Table_Employee_Clean[[#This Row],[First_Name]])," ",TRIM(Table_Employee_Clean[[#This Row],[Last_Name]])) -> David Brown | R297: =DATEDIF(Table_Employee_Clean[[#This Row],[Join_Date]], TODAY(), "y") -> 3 | S297: =CONCATENATE(TRIM(Table_Employee_Clean[[#This Row],[Name_Concat]])," FROM ",TRIM(Table_Employee_Clean[[#This Row],[Region]])) -> David Brown FROM Illinois
A298: EMP1296 | B298: Bob | C298: Miller | D298: 30 | E298: Cloud Tech | F298: Texas | G298: Pending | H298: 44866 | I298: 64150.97 | J298: bob.miller@example.com | K298: -23142899 | L298: Good | M298: TRUE | N298: {=IF(Table_Employee!I298="N/A", IFERROR(MEDIAN(_xlfn._xlws.FILTER(Table_Employee_Clean[Salary], (Table_Employee_Clean[Department] = Table_Employee!E298) * (Table_Employee_Clean[Region] = Table_Employee!F298))), "N/A"), Table_Employee!I298)} -> 64150.97 | O298: =" "&SUBSTITUTE(Table_Employee_Clean[[#This Row],[Phone]],"-","") -> 23142899 | P298: =TEXT(Table_Employee_Clean[[#This Row],[Format_Phone]],"(000) 000-0000") -> (002) 314-2899 | Q298: =CONCATENATE(TRIM(Table_Employee_Clean[[#This Row],[First_Name]])," ",TRIM(Table_Employee_Clean[[#This Row],[Last_Name]])) -> Bob Miller | R298: =DATEDIF(Table_Employee_Clean[[#This Row],[Join_Date]], TODAY(), "y") -> 3 | S298: =CONCATENATE(TRIM(Table_Employee_Clean[[#This Row],[Name_Concat]])," FROM ",TRIM(Table_Employee_Clean[[#This Row],[Region]])) -> Bob Miller FROM Texas
A299: EMP1297 | B299: Charlie | C299: Davis | D299: 35 | E299: Sales | F299: Florida | G299: Active | H299: 45224 | I299: 64378.1 | J299: charlie.davis@example.com | K299: -1851327971 | L299: Poor | M299: FALSE | N299: {=IF(Table_Employee!I299="N/A", IFERROR(MEDIAN(_xlfn._xlws.FILTER(Table_Employee_Clean[Salary], (Table_Employee_Clean[Department] = Table_Employee!E299) * (Table_Employee_Clean[Region] = Table_Employee!F299))), "N/A"), Table_Employee!I299)} -> 64378.1 | O299: =" "&SUBSTITUTE(Table_Employee_Clean[[#This Row],[Phone]],"-","") -> 1851327971 | P299: =TEXT(Table_Employee_Clean[[#This Row],[Format_Phone]],"(000) 000-0000") -> (185) 132-7971 | Q299: =CONCATENATE(TRIM(Table_Employee_Clean[[#This Row],[First_Name]])," ",TRIM(Table_Employee_Clean[[#This Row],[Last_Name]])) -> Charlie Davis | R299: =DATEDIF(Table_Employee_Clean[[#This Row],[Join_Date]], TODAY(), "y") -> 2 | S299: =CONCATENATE(TRIM(Table_Employee_Clean[[#This Row],[Name_Concat]])," FROM ",TRIM(Table_Employee_Clean[[#This Row],[Region]])) -> Charlie Davis FROM Florida
A300: EMP1298 | B300: Bob | C300: Jones | D300: 30 | E300: Finance | F300: Texas | G300: Inactive | H300: 44101 | I300: 85927.35 | J300: bob.jones@example.com | K300: -4572308480 | L300: Good | M300: FALSE | N300: {=IF(Table_Employee!I300="N/A", IFERROR(MEDIAN(_xlfn._xlws.FILTER(Table_Employee_Clean[Salary], (Table_Employee_Clean[Department] = Table_Employee!E300) * (Table_Employee_Clean[Region] = Table_Employee!F300))), "N/A"), Table_Employee!I300)} -> 85927.35 | O300: =" "&SUBSTITUTE(Table_Employee_Clean[[#This Row],[Phone]],"-","") -> 4572308480 | P300: =TEXT(Table_Employee_Clean[[#This Row],[Format_Phone]],"(000) 000-0000") -> (457) 230-8480 | Q300: =CONCATENATE(TRIM(Table_Employee_Clean[[#This Row],[First_Name]])," ",TRIM(Table_Employee_Clean[[#This Row],[Last_Name]])) -> Bob Jones | R300: =DATEDIF(Table_Employee_Clean[[#This Row],[Join_Date]], TODAY(), "y") -> 6 | S300: =CONCATENATE(TRIM(Table_Employee_Clean[[#This Row],[Name_Concat]])," FROM ",TRIM(Table_Employee_Clean[[#This Row],[Region]])) -> Bob Jones FROM Texas
A301: EMP1299 | B301: Alice | C301: Garcia | D301: 30 | E301: Finance | F301: Nevada | G301: Inactive | H301: 45312 | I301: 51523.93 | J301: alice.garcia@example.com | K301: -18418619 | L301: Average | M301: TRUE | N301: {=IF(Table_Employee!I301="N/A", IFERROR(MEDIAN(_xlfn._xlws.FILTER(Table_Employee_Clean[Salary], (Table_Employee_Clean[Department] = Table_Employee!E301) * (Table_Employee_Clean[Region] = Table_Employee!F301))), "N/A"), Table_Employee!I301)} -> 51523.93 | O301: =" "&SUBSTITUTE(Table_Employee_Clean[[#This Row],[Phone]],"-","") -> 18418619 | P301: =TEXT(Table_Employee_Clean[[#This Row],[Format_Phone]],"(000) 000-0000") -> (001) 841-8619 | Q301: =CONCATENATE(TRIM(Table_Employee_Clean[[#This Row],[First_Name]])," ",TRIM(Table_Employee_Clean[[#This Row],[Last_Name]])) -> Alice Garcia | R301: =DATEDIF(Table_Employee_Clean[[#This Row],[Join_Date]], TODAY(), "y") -> 2 | S301: =CONCATENATE(TRIM(Table_Employee_Clean[[#This Row],[Name_Concat]])," FROM ",TRIM(Table_Employee_Clean[[#This Row],[Region]])) -> Alice Garcia FROM Nevada
A302: EMP1300 | B302: Alice | C302: Smith | D302: 30 | E302: Sales | F302: Texas | G302: Active | H302: 44698 | I302: 74117.02 | J302: alice.smith@example.com | K302: -3036625435 | L302: Poor | M302: FALSE | N302: {=IF(Table_Employee!I302="N/A", IFERROR(MEDIAN(_xlfn._xlws.FILTER(Table_Employee_Clean[Salary], (Table_Employee_Clean[Department] = Table_Employee!E302) * (Table_Employee_Clean[Region] = Table_Employee!F302))), "N/A"), Table_Employee!I302)} -> 74117.02 | O302: =" "&SUBSTITUTE(Table_Employee_Clean[[#This Row],[Phone]],"-","") -> 3036625435 | P302: =TEXT(Table_Employee_Clean[[#This Row],[Format_Phone]],"(000) 000-0000") -> (303) 662-5435 | Q302: =CONCATENATE(TRIM(Table_Employee_Clean[[#This Row],[First_Name]])," ",TRIM(Table_Employee_Clean[[#This Row],[Last_Name]])) -> Alice Smith | R302: =DATEDIF(Table_Employee_Clean[[#This Row],[Join_Date]], TODAY(), "y") -> 4 | S302: =CONCATENATE(TRIM(Table_Employee_Clean[[#This Row],[Name_Concat]])," FROM ",TRIM(Table_Employee_Clean[[#This Row],[Region]])) -> Alice Smith FROM Texas
A303: EMP1301 | B303: Alice | C303: Smith | D303: 25 | E303: Finance | F303: Texas | G303: Inactive | H303: 44668 | I303: 62598.69 | J303: alice.smith@example.com | K303: -1721314518 | L303: Average | M303: TRUE | N303: {=IF(Table_Employee!I303="N/A", IFERROR(MEDIAN(_xlfn._xlws.FILTER(Table_Employee_Clean[Salary], (Table_Employee_Clean[Department] = Table_Employee!E303) * (Table_Employee_Clean[Region] = Table_Employee!F303))), "N/A"), Table_Employee!I303)} -> 62598.69 | O303: =" "&SUBSTITUTE(Table_Employee_Clean[[#This Row],[Phone]],"-","") -> 1721314518 | P303: =TEXT(Table_Employee_Clean[[#This Row],[Format_Phone]],"(000) 000-0000") -> (172) 131-4518 | Q303: =CONCATENATE(TRIM(Table_Employee_Clean[[#This Row],[First_Name]])," ",TRIM(Table_Employee_Clean[[#This Row],[Last_Name]])) -> Alice Smith | R303: =DATEDIF(Table_Employee_Clean[[#This Row],[Join_Date]], TODAY(), "y") -> 4 | S303: =CONCATENATE(TRIM(Table_Employee_Clean[[#This Row],[Name_Concat]])," FROM ",TRIM(Table_Employee_Clean[[#This Row],[Region]])) -> Alice Smith FROM Texas
... A330: EMP1328 | B330: David | C330: Garcia | D330: 25 | E330: DevOps | F330: New York | G330: Active | H330: 44278 | I330: 85401.3 | J330: david.garcia@example.com | K330: -9912971023 | L330: Poor | M330: TRUE | N330: {=IF(Table_Employee!I330="N/A", IFERROR(MEDIAN(_xlfn._xlws.FILTER(Table_Employee_Clean[Salary], (Table_Employee_Clean[Department] = Table_Employee!E330) * (Table_Employee_Clean[Region] = Table_Employee!F330))), "N/A"), Table_Employee!I330)} -> 85401.3 | O330: =" "&SUBSTITUTE(Table_Employee_Clean[[#This Row],[Phone]],"-","") -> 9912971023 | P330: =TEXT(Table_Employee_Clean[[#This Row],[Format_Phone]],"(000) 000-0000") -> (991) 297-1023 | Q330: =CONCATENATE(TRIM(Table_Employee_Clean[[#This Row],[First_Name]])," ",TRIM(Table_Employee_Clean[[#This Row],[Last_Name]])) -> David Garcia | R330: =DATEDIF(Table_Employee_Clean[[#This Row],[Join_Date]], TODAY(), "y") -> 5 | S330: =CONCATENATE(TRIM(Table_Employee_Clean[[#This Row],[Name_Concat]])," FROM ",TRIM(Table_Employee_Clean[[#This Row],[Region]])) -> David Garcia FROM New York
A331: EMP1329 | B331: Heidi | C331: Garcia | D331: 40 | E331: Cloud Tech | F331: Texas | G331: Pending | H331: 44960 | I331: N/A | J331: heidi.garcia@example.com | K331: -8171752420 | L331: Excellent | M331: FALSE | N331: {=IF(Table_Employee!I331="N/A", IFERROR(MEDIAN(_xlfn._xlws.FILTER(Table_Employee_Clean[Salary], (Table_Employee_Clean[Department] = Table_Employee!E331) * (Table_Employee_Clean[Region] = Table_Employee!F331))), "N/A"), Table_Employee!I331)} -> 81250.87 | O331: =" "&SUBSTITUTE(Table_Employee_Clean[[#This Row],[Phone]],"-","") -> 8171752420 | P331: =TEXT(Table_Employee_Clean[[#This Row],[Format_Phone]],"(000) 000-0000") -> (817) 175-2420 | Q331: =CONCATENATE(TRIM(Table_Employee_Clean[[#This Row],[First_Name]])," ",TRIM(Table_Employee_Clean[[#This Row],[Last_Name]])) -> Heidi Garcia | R331: =DATEDIF(Table_Employee_Clean[[#This Row],[Join_Date]], TODAY(), "y") -> 3 | S331: =CONCATENATE(TRIM(Table_Employee_Clean[[#This Row],[Name_Concat]])," FROM ",TRIM(Table_Employee_Clean[[#This Row],[Region]])) -> Heidi Garcia FROM Texas
A332: EMP1330 | B332: Eva | C332: Smith | D332: 30 | E332: HR | F332: Texas | G332: Pending | H332: 45496 | I332: 98850.14 | J332: eva.smith@example.com | K332: -4955112746 | L332: Poor | M332: FALSE | N332: {=IF(Table_Employee!I332="N/A", IFERROR(MEDIAN(_xlfn._xlws.FILTER(Table_Employee_Clean[Salary], (Table_Employee_Clean[Department] = Table_Employee!E332) * (Table_Employee_Clean[Region] = Table_Employee!F332))), "N/A"), Table_Employee!I332)} -> 98850.14 | O332: =" "&SUBSTITUTE(Table_Employee_Clean[[#This Row],[Phone]],"-","") -> 4955112746 | P332: =TEXT(Table_Employee_Clean[[#This Row],[Format_Phone]],"(000) 000-0000") -> (495) 511-2746 | Q332: =CONCATENATE(TRIM(Table_Employee_Clean[[#This Row],[First_Name]])," ",TRIM(Table_Employee_Clean[[#This Row],[Last_Name]])) -> Eva Smith | R332: =DATEDIF(Table_Employee_Clean[[#This Row],[Join_Date]], TODAY(), "y") -> 2 | S332: =CONCATENATE(TRIM(Table_Employee_Clean[[#This Row],[Name_Concat]])," FROM ",TRIM(Table_Employee_Clean[[#This Row],[Region]])) -> Eva Smith FROM Texas
A333: EMP1331 | B333: Charlie | C333: Smith | D333: 25 | E333: Cloud Tech | F333: Illinois | G333: Active | H333: 44324 | I333: 63435.24 | J333: charlie.smith@example.com | K333: -4721970545 | L333: Poor | M333: FALSE | N333: {=IF(Table_Employee!I333="N/A", IFERROR(MEDIAN(_xlfn._xlws.FILTER(Table_Employee_Clean[Salary], (Table_Employee_Clean[Department] = Table_Employee!E333) * (Table_Employee_Clean[Region] = Table_Employee!F333))), "N/A"), Table_Employee!I333)} -> 63435.24 | O333: =" "&SUBSTITUTE(Table_Employee_Clean[[#This Row],[Phone]],"-","") -> 4721970545 | P333: =TEXT(Table_Employee_Clean[[#This Row],[Format_Phone]],"(000) 000-0000") -> (472) 197-0545 | Q333: =CONCATENATE(TRIM(Table_Employee_Clean[[#This Row],[First_Name]])," ",TRIM(Table_Employee_Clean[[#This Row],[Last_Name]])) -> Charlie Smith | R333: =DATEDIF(Table_Employee_Clean[[#This Row],[Join_Date]], TODAY(), "y") -> 5 | S333: =CONCATENATE(TRIM(Table_Employee_Clean[[#This Row],[Name_Concat]])," FROM ",TRIM(Table_Employee_Clean[[#This Row],[Region]])) -> Charlie Smith FROM Illinois
A334: EMP1332 | B334: Frank | C334: Brown | D334: 35 | E334: Finance | F334: Texas | G334: Inactive | H334: 44662 | I334: 82129.84 | J334: frank.brown@example.com | K334: -6927589550 | L334: Average | M334: FALSE | N334: {=IF(Table_Employee!I334="N/A", IFERROR(MEDIAN(_xlfn._xlws.FILTER(Table_Employee_Clean[Salary], (Table_Employee_Clean[Department] = Table_Employee!E334) * (Table_Employee_Clean[Region] = Table_Employee!F334))), "N/A"), Table_Employee!I334)} -> 82129.84 | O334: =" "&SUBSTITUTE(Table_Employee_Clean[[#This Row],[Phone]],"-","") -> 6927589550 | P334: =TEXT(Table_Employee_Clean[[#This Row],[Format_Phone]],"(000) 000-0000") -> (692) 758-9550 | Q334: =CONCATENATE(TRIM(Table_Employee_Clean[[#This Row],[First_Name]])," ",TRIM(Table_Employee_Clean[[#This Row],[Last_Name]])) -> Frank Brown | R334: =DATEDIF(Table_Employee_Clean[[#This Row],[Join_Date]], TODAY(), "y") -> 4 | S334: =CONCATENATE(TRIM(Table_Employee_Clean[[#This Row],[Name_Concat]])," FROM ",TRIM(Table_Employee_Clean[[#This Row],[Region]])) -> Frank Brown FROM Texas
A335: EMP1333 | B335: David | C335: Williams | D335: 35 | E335: DevOps | F335: Texas | G335: Pending | H335: 45588 | I335: 95492.61 | J335: david.williams@example.com | K335: -6874090379 | L335: Good | M335: FALSE | N335: {=IF(Table_Employee!I335="N/A", IFERROR(MEDIAN(_xlfn._xlws.FILTER(Table_Employee_Clean[Salary], (Table_Employee_Clean[Department] = Table_Employee!E335) * (Table_Employee_Clean[Region] = Table_Employee!F335))), "N/A"), Table_Employee!I335)} -> 95492.61 | O335: =" "&SUBSTITUTE(Table_Employee_Clean[[#This Row],[Phone]],"-","") -> 6874090379 | P335: =TEXT(Table_Employee_Clean[[#This Row],[Format_Phone]],"(000) 000-0000") -> (687) 409-0379 | Q335: =CONCATENATE(TRIM(Table_Employee_Clean[[#This Row],[First_Name]])," ",TRIM(Table_Employee_Clean[[#This Row],[Last_Name]])) -> David Williams | R335: =DATEDIF(Table_Employee_Clean[[#This Row],[Join_Date]], TODAY(), "y") -> 1 | S335: =CONCATENATE(TRIM(Table_Employee_Clean[[#This Row],[Name_Concat]])," FROM ",TRIM(Table_Employee_Clean[[#This Row],[Region]])) -> David Williams FROM Texas
A336: EMP1334 | B336: Grace | C336: Miller | D336: 40 | E336: Finance | F336: Illinois | G336: Inactive | H336: 43945 | I336: 94572.37 | J336: grace.miller@example.com | K336: -2146296135 | L336: Good | M336: FALSE | N336: {=IF(Table_Employee!I336="N/A", IFERROR(MEDIAN(_xlfn._xlws.FILTER(Table_Employee_Clean[Salary], (Table_Employee_Clean[Department] = Table_Employee!E336) * (Table_Employee_Clean[Region] = Table_Employee!F336))), "N/A"), Table_Employee!I336)} -> 94572.37 | O336: =" "&SUBSTITUTE(Table_Employee_Clean[[#This Row],[Phone]],"-","") -> 2146296135 | P336: =TEXT(Table_Employee_Clean[[#This Row],[Format_Phone]],"(000) 000-0000") -> (214) 629-6135 | Q336: =CONCATENATE(TRIM(Table_Employee_Clean[[#This Row],[First_Name]])," ",TRIM(Table_Employee_Clean[[#This Row],[Last_Name]])) -> Grace Miller | R336: =DATEDIF(Table_Employee_Clean[[#This Row],[Join_Date]], TODAY(), "y") -> 6 | S336: =CONCATENATE(TRIM(Table_Employee_Clean[[#This Row],[Name_Concat]])," FROM ",TRIM(Table_Employee_Clean[[#This Row],[Region]])) -> Grace Miller FROM Illinois
A337: EMP1335 | B337: Bob | C337: Garcia | D337: 40 | E337: Finance | F337: Nevada | G337: Inactive | H337: 44989 | I337: 118413.05 | J337: bob.garcia@example.com | K337: -7157787111 | L337: Poor | M337: FALSE | N337: {=IF(Table_Employee!I337="N/A", IFERROR(MEDIAN(_xlfn._xlws.FILTER(Table_Employee_Clean[Salary], (Table_Employee_Clean[Department] = Table_Employee!E337) * (Table_Employee_Clean[Region] = Table_Employee!F337))), "N/A"), Table_Employee!I337)} -> 118413.05 | O337: =" "&SUBSTITUTE(Table_Employee_Clean[[#This Row],[Phone]],"-","") -> 7157787111 | P337: =TEXT(Table_Employee_Clean[[#This Row],[Format_Phone]],"(000) 000-0000") -> (715) 778-7111 | Q337: =CONCATENATE(TRIM(Table_Employee_Clean[[#This Row],[First_Name]])," ",TRIM(Table_Employee_Clean[[#This Row],[Last_Name]])) -> Bob Garcia | R337: =DATEDIF(Table_Employee_Clean[[#This Row],[Join_Date]], TODAY(), "y") -> 3 | S337: =CONCATENATE(TRIM(Table_Employee_Clean[[#This Row],[Name_Concat]])," FROM ",TRIM(Table_Employee_Clean[[#This Row],[Region]])) -> Bob Garcia FROM Nevada
A338: EMP1336 | B338: Alice | C338: Jones | D338: 30 | E338: Admin | F338: Nevada | G338: Pending | H338: 44804 | I338: 68976.65 | J338: alice.jones@example.com | K338: -1663651558 | L338: Poor | M338: TRUE | N338: {=IF(Table_Employee!I338="N/A", IFERROR(MEDIAN(_xlfn._xlws.FILTER(Table_Employee_Clean[Salary], (Table_Employee_Clean[Department] = Table_Employee!E338) * (Table_Employee_Clean[Region] = Table_Employee!F338))), "N/A"), Table_Employee!I338)} -> 68976.65 | O338: =" "&SUBSTITUTE(Table_Employee_Clean[[#This Row],[Phone]],"-","") -> 1663651558 | P338: =TEXT(Table_Employee_Clean[[#This Row],[Format_Phone]],"(000) 000-0000") -> (166) 365-1558 | Q338: =CONCATENATE(TRIM(Table_Employee_Clean[[#This Row],[First_Name]])," ",TRIM(Table_Employee_Clean[[#This Row],[Last_Name]])) -> Alice Jones | R338: =DATEDIF(Table_Employee_Clean[[#This Row],[Join_Date]], TODAY(), "y") -> 4 | S338: =CONCATENATE(TRIM(Table_Employee_Clean[[#This Row],[Name_Concat]])," FROM ",TRIM(Table_Employee_Clean[[#This Row],[Region]])) -> Alice Jones FROM Nevada
A339: EMP1337 | B339: Eva | C339: Williams | D339: 30 | E339: Sales | F339: Nevada | G339: Active | H339: 44198 | I339: 115013.65 | J339: eva.williams@example.com | K339: -7371470826 | L339: Average | M339: FALSE | N339: {=IF(Table_Employee!I339="N/A", IFERROR(MEDIAN(_xlfn._xlws.FILTER(Table_Employee_Clean[Salary], (Table_Employee_Clean[Department] = Table_Employee!E339) * (Table_Employee_Clean[Region] = Table_Employee!F339))), "N/A"), Table_Employee!I339)} -> 115013.65 | O339: =" "&SUBSTITUTE(Table_Employee_Clean[[#This Row],[Phone]],"-","") -> 7371470826 | P339: =TEXT(Table_Employee_Clean[[#This Row],[Format_Phone]],"(000) 000-0000") -> (737) 147-0826 | Q339: =CONCATENATE(TRIM(Table_Employee_Clean[[#This Row],[First_Name]])," ",TRIM(Table_Employee_Clean[[#This Row],[Last_Name]])) -> Eva Williams | R339: =DATEDIF(Table_Employee_Clean[[#This Row],[Join_Date]], TODAY(), "y") -> 5 | S339: =CONCATENATE(TRIM(Table_Employee_Clean[[#This Row],[Name_Concat]])," FROM ",TRIM(Table_Employee_Clean[[#This Row],[Region]])) -> Eva Williams FROM Nevada
A340: EMP1338 | B340: David | C340: Brown | D340: 30 | E340: Admin | F340: Nevada | G340: Inactive | H340: 43988 | I340: 70949.38 | J340: david.brown@example.com | K340: -2359096055 | L340: Poor | M340: TRUE | N340: {=IF(Table_Employee!I340="N/A", IFERROR(MEDIAN(_xlfn._xlws.FILTER(Table_Employee_Clean[Salary], (Table_Employee_Clean[Department] = Table_Employee!E340) * (Table_Employee_Clean[Region] = Table_Employee!F340))), "N/A"), Table_Employee!I340)} -> 70949.38 | O340: =" "&SUBSTITUTE(Table_Employee_Clean[[#This Row],[Phone]],"-","") -> 2359096055 | P340: =TEXT(Table_Employee_Clean[[#This Row],[Format_Phone]],"(000) 000-0000") -> (235) 909-6055 | Q340: =CONCATENATE(TRIM(Table_Employee_Clean[[#This Row],[First_Name]])," ",TRIM(Table_Employee_Clean[[#This Row],[Last_Name]])) -> David Brown | R340: =DATEDIF(Table_Employee_Clean[[#This Row],[Join_Date]], TODAY(), "y") -> 6 | S340: =CONCATENATE(TRIM(Table_Employee_Clean[[#This Row],[Name_Concat]])," FROM ",TRIM(Table_Employee_Clean[[#This Row],[Region]])) -> David Brown FROM Nevada
A341: EMP1339 | B341: Grace | C341: Brown | D341: 30 | E341: HR | F341: Florida | G341: Pending | H341: 44117 | I341: 105334.87 | J341: grace.brown@example.com | K341: -7303064420 | L341: Average | M341: FALSE | N341: {=IF(Table_Employee!I341="N/A", IFERROR(MEDIAN(_xlfn._xlws.FILTER(Table_Employee_Clean[Salary], (Table_Employee_Clean[Department] = Table_Employee!E341) * (Table_Employee_Clean[Region] = Table_Employee!F341))), "N/A"), Table_Employee!I341)} -> 105334.87 | O341: =" "&SUBSTITUTE(Table_Employee_Clean[[#This Row],[Phone]],"-","") -> 7303064420 | P341: =TEXT(Table_Employee_Clean[[#This Row],[Format_Phone]],"(000) 000-0000") -> (730) 306-4420 | Q341: =CONCATENATE(TRIM(Table_Employee_Clean[[#This Row],[First_Name]])," ",TRIM(Table_Employee_Clean[[#This Row],[Last_Name]])) -> Grace Brown | R341: =DATEDIF(Table_Employee_Clean[[#This Row],[Join_Date]], TODAY(), "y") -> 6 | S341: =CONCATENATE(TRIM(Table_Employee_Clean[[#This Row],[Name_Concat]])," FROM ",TRIM(Table_Employee_Clean[[#This Row],[Region]])) -> Grace Brown FROM Florida
A342: EMP1340 | B342: Bob | C342: Williams | D342: 30 | E342: DevOps | F342: California | G342: Active | H342: 44031 | I342: 80596.18 | J342: bob.williams@example.com | K342: -2146147682 | L342: Good | M342: FALSE | N342: {=IF(Table_Employee!I342="N/A", IFERROR(MEDIAN(_xlfn._xlws.FILTER(Table_Employee_Clean[Salary], (Table_Employee_Clean[Department] = Table_Employee!E342) * (Table_Employee_Clean[Region] = Table_Employee!F342))), "N/A"), Table_Employee!I342)} -> 80596.18 | O342: =" "&SUBSTITUTE(Table_Employee_Clean[[#This Row],[Phone]],"-","") -> 2146147682 | P342: =TEXT(Table_Employee_Clean[[#This Row],[Format_Phone]],"(000) 000-0000") -> (214) 614-7682 | Q342: =CONCATENATE(TRIM(Table_Employee_Clean[[#This Row],[First_Name]])," ",TRIM(Table_Employee_Clean[[#This Row],[Last_Name]])) -> Bob Williams | R342: =DATEDIF(Table_Employee_Clean[[#This Row],[Join_Date]], TODAY(), "y") -> 6 | S342: =CONCATENATE(TRIM(Table_Employee_Clean[[#This Row],[Name_Concat]])," FROM ",TRIM(Table_Employee_Clean[[#This Row],[Region]])) -> Bob Williams FROM California
A343: EMP1341 | B343: Frank | C343: Brown | D343: 30 | E343: Sales | F343: Illinois | G343: Inactive | H343: 45415 | I343: 72846.37 | J343: frank.brown@example.com | K343: -4201654234 | L343: Good | M343: TRUE | N343: {=IF(Table_Employee!I343="N/A", IFERROR(MEDIAN(_xlfn._xlws.FILTER(Table_Employee_Clean[Salary], (Table_Employee_Clean[Department] = Table_Employee!E343) * (Table_Employee_Clean[Region] = Table_Employee!F343))), "N/A"), Table_Employee!I343)} -> 72846.37 | O343: =" "&SUBSTITUTE(Table_Employee_Clean[[#This Row],[Phone]],"-","") -> 4201654234 | P343: =TEXT(Table_Employee_Clean[[#This Row],[Format_Phone]],"(000) 000-0000") -> (420) 165-4234 | Q343: =CONCATENATE(TRIM(Table_Employee_Clean[[#This Row],[First_Name]])," ",TRIM(Table_Employee_Clean[[#This Row],[Last_Name]])) -> Frank Brown | R343: =DATEDIF(Table_Employee_Clean[[#This Row],[Join_Date]], TODAY(), "y") -> 2 | S343: =CONCATENATE(TRIM(Table_Employee_Clean[[#This Row],[Name_Concat]])," FROM ",TRIM(Table_Employee_Clean[[#This Row],[Region]])) -> Frank Brown FROM Illinois
... A345: EMP1343 | B345: Grace | C345: Johnson | D345: 25 | E345: Sales | F345: California | G345: Active | H345: 45291 | I345: 55145.47 | J345: grace.johnson@example.com | K345: -8931992549 | L345: Good | M345: FALSE | N345: {=IF(Table_Employee!I345="N/A", IFERROR(MEDIAN(_xlfn._xlws.FILTER(Table_Employee_Clean[Salary], (Table_Employee_Clean[Department] = Table_Employee!E345) * (Table_Employee_Clean[Region] = Table_Employee!F345))), "N/A"), Table_Employee!I345)} -> 55145.47 | O345: =" "&SUBSTITUTE(Table_Employee_Clean[[#This Row],[Phone]],"-","") -> 8931992549 | P345: =TEXT(Table_Employee_Clean[[#This Row],[Format_Phone]],"(000) 000-0000") -> (893) 199-2549 | Q345: =CONCATENATE(TRIM(Table_Employee_Clean[[#This Row],[First_Name]])," ",TRIM(Table_Employee_Clean[[#This Row],[Last_Name]])) -> Grace Johnson | R345: =DATEDIF(Table_Employee_Clean[[#This Row],[Join_Date]], TODAY(), "y") -> 2 | S345: =CONCATENATE(TRIM(Table_Employee_Clean[[#This Row],[Name_Concat]])," FROM ",TRIM(Table_Employee_Clean[[#This Row],[Region]])) -> Grace Johnson FROM California
A346: EMP1344 | B346: Grace | C346: Williams | D346: 30 | E346: DevOps | F346: Florida | G346: Inactive | H346: 44569 | I346: N/A | J346: grace.williams@example.com | K346: -2727516479 | L346: Poor | M346: TRUE | N346: {=IF(Table_Employee!I346="N/A", IFERROR(MEDIAN(_xlfn._xlws.FILTER(Table_Employee_Clean[Salary], (Table_Employee_Clean[Department] = Table_Employee!E346) * (Table_Employee_Clean[Region] = Table_Employee!F346))), "N/A"), Table_Employee!I346)} -> 90856.21 | O346: =" "&SUBSTITUTE(Table_Employee_Clean[[#This Row],[Phone]],"-","") -> 2727516479 | P346: =TEXT(Table_Employee_Clean[[#This Row],[Format_Phone]],"(000) 000-0000") -> (272) 751-6479 | Q346: =CONCATENATE(TRIM(Table_Employee_Clean[[#This Row],[First_Name]])," ",TRIM(Table_Employee_Clean[[#This Row],[Last_Name]])) -> Grace Williams | R346: =DATEDIF(Table_Employee_Clean[[#This Row],[Join_Date]], TODAY(), "y") -> 4 | S346: =CONCATENATE(TRIM(Table_Employee_Clean[[#This Row],[Name_Concat]])," FROM ",TRIM(Table_Employee_Clean[[#This Row],[Region]])) -> Grace Williams FROM Florida
A347: EMP1345 | B347: Eva | C347: Davis | D347: 40 | E347: HR | F347: California | G347: Active | H347: 44102 | I347: 56110.81 | J347: eva.davis@example.com | K347: -7279103367 | L347: Good | M347: FALSE | N347: {=IF(Table_Employee!I347="N/A", IFERROR(MEDIAN(_xlfn._xlws.FILTER(Table_Employee_Clean[Salary], (Table_Employee_Clean[Department] = Table_Employee!E347) * (Table_Employee_Clean[Region] = Table_Employee!F347))), "N/A"), Table_Employee!I347)} -> 56110.81 | O347: =" "&SUBSTITUTE(Table_Employee_Clean[[#This Row],[Phone]],"-","") -> 7279103367 | P347: =TEXT(Table_Employee_Clean[[#This Row],[Format_Phone]],"(000) 000-0000") -> (727) 910-3367 | Q347: =CONCATENATE(TRIM(Table_Employee_Clean[[#This Row],[First_Name]])," ",TRIM(Table_Employee_Clean[[#This Row],[Last_Name]])) -> Eva Davis | R347: =DATEDIF(Table_Employee_Clean[[#This Row],[Join_Date]], TODAY(), "y") -> 6 | S347: =CONCATENATE(TRIM(Table_Employee_Clean[[#This Row],[Name_Concat]])," FROM ",TRIM(Table_Employee_Clean[[#This Row],[Region]])) -> Eva Davis FROM California
A348: EMP1346 | B348: Grace | C348: Williams | D348: 25 | E348: Cloud Tech | F348: Texas | G348: Inactive | H348: 44966 | I348: 56514.5 | J348: grace.williams@example.com | K348: -2963533904 | L348: Average | M348: FALSE | N348: {=IF(Table_Employee!I348="N/A", IFERROR(MEDIAN(_xlfn._xlws.FILTER(Table_Employee_Clean[Salary], (Table_Employee_Clean[Department] = Table_Employee!E348) * (Table_Employee_Clean[Region] = Table_Employee!F348))), "N/A"), Table_Employee!I348)} -> 56514.5 | O348: =" "&SUBSTITUTE(Table_Employee_Clean[[#This Row],[Phone]],"-","") -> 2963533904 | P348: =TEXT(Table_Employee_Clean[[#This Row],[Format_Phone]],"(000) 000-0000") -> (296) 353-3904 | Q348: =CONCATENATE(TRIM(Table_Employee_Clean[[#This Row],[First_Name]])," ",TRIM(Table_Employee_Clean[[#This Row],[Last_Name]])) -> Grace Williams | R348: =DATEDIF(Table_Employee_Clean[[#This Row],[Join_Date]], TODAY(), "y") -> 3 | S348: =CONCATENATE(TRIM(Table_Employee_Clean[[#This Row],[Name_Concat]])," FROM ",TRIM(Table_Employee_Clean[[#This Row],[Region]])) -> Grace Williams FROM Texas
A349: EMP1347 | B349: Frank | C349: Brown | D349: 40 | E349: Cloud Tech | F349: California | G349: Inactive | H349: 44625 | I349: 104541.84 | J349: frank.brown@example.com | K349: -5044817765 | L349: Good | M349: FALSE | N349: {=IF(Table_Employee!I349="N/A", IFERROR(MEDIAN(_xlfn._xlws.FILTER(Table_Employee_Clean[Salary], (Table_Employee_Clean[Department] = Table_Employee!E349) * (Table_Employee_Clean[Region] = Table_Employee!F349))), "N/A"), Table_Employee!I349)} -> 104541.84 | O349: =" "&SUBSTITUTE(Table_Employee_Clean[[#This Row],[Phone]],"-","") -> 5044817765 | P349: =TEXT(Table_Employee_Clean[[#This Row],[Format_Phone]],"(000) 000-0000") -> (504) 481-7765 | Q349: =CONCATENATE(TRIM(Table_Employee_Clean[[#This Row],[First_Name]])," ",TRIM(Table_Employee_Clean[[#This Row],[Last_Name]])) -> Frank Brown | R349: =DATEDIF(Table_Employee_Clean[[#This Row],[Join_Date]], TODAY(), "y") -> 4 | S349: =CONCATENATE(TRIM(Table_Employee_Clean[[#This Row],[Name_Concat]])," FROM ",TRIM(Table_Employee_Clean[[#This Row],[Region]])) -> Frank Brown FROM California
A350: EMP1348 | B350: David | C350: Garcia | D350: 30 | E350: Sales | F350: New York | G350: Pending | H350: 44610 | I350: 61865.12 | J350: david.garcia@example.com | K350: -5586851275 | L350: Excellent | M350: TRUE | N350: {=IF(Table_Employee!I350="N/A", IFERROR(MEDIAN(_xlfn._xlws.FILTER(Table_Employee_Clean[Salary], (Table_Employee_Clean[Department] = Table_Employee!E350) * (Table_Employee_Clean[Region] = Table_Employee!F350))), "N/A"), Table_Employee!I350)} -> 61865.12 | O350: =" "&SUBSTITUTE(Table_Employee_Clean[[#This Row],[Phone]],"-","") -> 5586851275 | P350: =TEXT(Table_Employee_Clean[[#This Row],[Format_Phone]],"(000) 000-0000") -> (558) 685-1275 | Q350: =CONCATENATE(TRIM(Table_Employee_Clean[[#This Row],[First_Name]])," ",TRIM(Table_Employee_Clean[[#This Row],[Last_Name]])) -> David Garcia | R350: =DATEDIF(Table_Employee_Clean[[#This Row],[Join_Date]], TODAY(), "y") -> 4 | S350: =CONCATENATE(TRIM(Table_Employee_Clean[[#This Row],[Name_Concat]])," FROM ",TRIM(Table_Employee_Clean[[#This Row],[Region]])) -> David Garcia FROM New York
A351: EMP1349 | B351: Eva | C351: Davis | D351: 40 | E351: Admin | F351: Texas | G351: Active | H351: 44721 | I351: 69317.33 | J351: eva.davis@example.com | K351: -5289286645 | L351: Good | M351: FALSE | N351: {=IF(Table_Employee!I351="N/A", IFERROR(MEDIAN(_xlfn._xlws.FILTER(Table_Employee_Clean[Salary], (Table_Employee_Clean[Department] = Table_Employee!E351) * (Table_Employee_Clean[Region] = Table_Employee!F351))), "N/A"), Table_Employee!I351)} -> 69317.33 | O351: =" "&SUBSTITUTE(Table_Employee_Clean[[#This Row],[Phone]],"-","") -> 5289286645 | P351: =TEXT(Table_Employee_Clean[[#This Row],[Format_Phone]],"(000) 000-0000") -> (528) 928-6645 | Q351: =CONCATENATE(TRIM(Table_Employee_Clean[[#This Row],[First_Name]])," ",TRIM(Table_Employee_Clean[[#This Row],[Last_Name]])) -> Eva Davis | R351: =DATEDIF(Table_Employee_Clean[[#This Row],[Join_Date]], TODAY(), "y") -> 4 | S351: =CONCATENATE(TRIM(Table_Employee_Clean[[#This Row],[Name_Concat]])," FROM ",TRIM(Table_Employee_Clean[[#This Row],[Region]])) -> Eva Davis FROM Texas
A352: EMP1350 | B352: Bob | C352: Brown | D352: 35 | E352: HR | F352: New York | G352: Pending | H352: 45111 | I352: 84706.17 | J352: bob.brown@example.com | K352: -4911110960 | L352: Average | M352: FALSE | N352: {=IF(Table_Employee!I352="N/A", IFERROR(MEDIAN(_xlfn._xlws.FILTER(Table_Employee_Clean[Salary], (Table_Employee_Clean[Department] = Table_Employee!E352) * (Table_Employee_Clean[Region] = Table_Employee!F352))), "N/A"), Table_Employee!I352)} -> 84706.17 | O352: =" "&SUBSTITUTE(Table_Employee_Clean[[#This Row],[Phone]],"-","") -> 4911110960 | P352: =TEXT(Table_Employee_Clean[[#This Row],[Format_Phone]],"(000) 000-0000") -> (491) 111-0960 | Q352: =CONCATENATE(TRIM(Table_Employee_Clean[[#This Row],[First_Name]])," ",TRIM(Table_Employee_Clean[[#This Row],[Last_Name]])) -> Bob Brown | R352: =DATEDIF(Table_Employee_Clean[[#This Row],[Join_Date]], TODAY(), "y") -> 3 | S352: =CONCATENATE(TRIM(Table_Employee_Clean[[#This Row],[Name_Concat]])," FROM ",TRIM(Table_Employee_Clean[[#This Row],[Region]])) -> Bob Brown FROM New York
A353: EMP1351 | B353: Heidi | C353: Smith | D353: 25 | E353: Admin | F353: California | G353: Active | H353: 44641 | I353: 73255.21 | J353: heidi.smith@example.com | K353: -7981789045 | L353: Average | M353: FALSE | N353: {=IF(Table_Employee!I353="N/A", IFERROR(MEDIAN(_xlfn._xlws.FILTER(Table_Employee_Clean[Salary], (Table_Employee_Clean[Department] = Table_Employee!E353) * (Table_Employee_Clean[Region] = Table_Employee!F353))), "N/A"), Table_Employee!I353)} -> 73255.21 | O353: =" "&SUBSTITUTE(Table_Employee_Clean[[#This Row],[Phone]],"-","") -> 7981789045 | P353: =TEXT(Table_Employee_Clean[[#This Row],[Format_Phone]],"(000) 000-0000") -> (798) 178-9045 | Q353: =CONCATENATE(TRIM(Table_Employee_Clean[[#This Row],[First_Name]])," ",TRIM(Table_Employee_Clean[[#This Row],[Last_Name]])) -> Heidi Smith | R353: =DATEDIF(Table_Employee_Clean[[#This Row],[Join_Date]], TODAY(), "y") -> 4 | S353: =CONCATENATE(TRIM(Table_Employee_Clean[[#This Row],[Name_Concat]])," FROM ",TRIM(Table_Employee_Clean[[#This Row],[Region]])) -> Heidi Smith FROM California
A354: EMP1352 | B354: Frank | C354: Smith | D354: 40 | E354: HR | F354: Florida | G354: Pending | H354: 45048 | I354: 59528.71 | J354: frank.smith@example.com | K354: -3378613714 | L354: Poor | M354: FALSE | N354: {=IF(Table_Employee!I354="N/A", IFERROR(MEDIAN(_xlfn._xlws.FILTER(Table_Employee_Clean[Salary], (Table_Employee_Clean[Department] = Table_Employee!E354) * (Table_Employee_Clean[Region] = Table_Employee!F354))), "N/A"), Table_Employee!I354)} -> 59528.71 | O354: =" "&SUBSTITUTE(Table_Employee_Clean[[#This Row],[Phone]],"-","") -> 3378613714 | P354: =TEXT(Table_Employee_Clean[[#This Row],[Format_Phone]],"(000) 000-0000") -> (337) 861-3714 | Q354: =CONCATENATE(TRIM(Table_Employee_Clean[[#This Row],[First_Name]])," ",TRIM(Table_Employee_Clean[[#This Row],[Last_Name]])) -> Frank Smith | R354: =DATEDIF(Table_Employee_Clean[[#This Row],[Join_Date]], TODAY(), "y") -> 3 | S354: =CONCATENATE(TRIM(Table_Employee_Clean[[#This Row],[Name_Concat]])," FROM ",TRIM(Table_Employee_Clean[[#This Row],[Region]])) -> Frank Smith FROM Florida
A355: EMP1353 | B355: David | C355: Garcia | D355: 40 | E355: HR | F355: New York | G355: Inactive | H355: 44484 | I355: 70401.37 | J355: david.garcia@example.com | K355: -7660538443 | L355: Good | M355: TRUE | N355: {=IF(Table_Employee!I355="N/A", IFERROR(MEDIAN(_xlfn._xlws.FILTER(Table_Employee_Clean[Salary], (Table_Employee_Clean[Department] = Table_Employee!E355) * (Table_Employee_Clean[Region] = Table_Employee!F355))), "N/A"), Table_Employee!I355)} -> 70401.37 | O355: =" "&SUBSTITUTE(Table_Employee_Clean[[#This Row],[Phone]],"-","") -> 7660538443 | P355: =TEXT(Table_Employee_Clean[[#This Row],[Format_Phone]],"(000) 000-0000") -> (766) 053-8443 | Q355: =CONCATENATE(TRIM(Table_Employee_Clean[[#This Row],[First_Name]])," ",TRIM(Table_Employee_Clean[[#This Row],[Last_Name]])) -> David Garcia | R355: =DATEDIF(Table_Employee_Clean[[#This Row],[Join_Date]], TODAY(), "y") -> 5 | S355: =CONCATENATE(TRIM(Table_Employee_Clean[[#This Row],[Name_Concat]])," FROM ",TRIM(Table_Employee_Clean[[#This Row],[Region]])) -> David Garcia FROM New York
A356: EMP1354 | B356: Heidi | C356: Garcia | D356: 30 | E356: Admin | F356: California | G356: Inactive | H356: 44405 | I356: 107154.62 | J356: heidi.garcia@example.com | K356: -4630600024 | L356: Average | M356: TRUE | N356: {=IF(Table_Employee!I356="N/A", IFERROR(MEDIAN(_xlfn._xlws.FILTER(Table_Employee_Clean[Salary], (Table_Employee_Clean[Department] = Table_Employee!E356) * (Table_Employee_Clean[Region] = Table_Employee!F356))), "N/A"), Table_Employee!I356)} -> 107154.62 | O356: =" "&SUBSTITUTE(Table_Employee_Clean[[#This Row],[Phone]],"-","") -> 4630600024 | P356: =TEXT(Table_Employee_Clean[[#This Row],[Format_Phone]],"(000) 000-0000") -> (463) 060-0024 | Q356: =CONCATENATE(TRIM(Table_Employee_Clean[[#This Row],[First_Name]])," ",TRIM(Table_Employee_Clean[[#This Row],[Last_Name]])) -> Heidi Garcia | R356: =DATEDIF(Table_Employee_Clean[[#This Row],[Join_Date]], TODAY(), "y") -> 5 | S356: =CONCATENATE(TRIM(Table_Employee_Clean[[#This Row],[Name_Concat]])," FROM ",TRIM(Table_Employee_Clean[[#This Row],[Region]])) -> Heidi Garcia FROM California
A357: EMP1355 | B357: Bob | C357: Davis | D357: 30 | E357: Admin | F357: Illinois | G357: Pending | H357: 44199 | I357: 97719.88 | J357: bob.davis@example.com | K357: -8955296385 | L357: Excellent | M357: FALSE | N357: {=IF(Table_Employee!I357="N/A", IFERROR(MEDIAN(_xlfn._xlws.FILTER(Table_Employee_Clean[Salary], (Table_Employee_Clean[Department] = Table_Employee!E357) * (Table_Employee_Clean[Region] = Table_Employee!F357))), "N/A"), Table_Employee!I357)} -> 97719.88 | O357: =" "&SUBSTITUTE(Table_Employee_Clean[[#This Row],[Phone]],"-","") -> 8955296385 | P357: =TEXT(Table_Employee_Clean[[#This Row],[Format_Phone]],"(000) 000-0000") -> (895) 529-6385 | Q357: =CONCATENATE(TRIM(Table_Employee_Clean[[#This Row],[First_Name]])," ",TRIM(Table_Employee_Clean[[#This Row],[Last_Name]])) -> Bob Davis | R357: =DATEDIF(Table_Employee_Clean[[#This Row],[Join_Date]], TODAY(), "y") -> 5 | S357: =CONCATENATE(TRIM(Table_Employee_Clean[[#This Row],[Name_Concat]])," FROM ",TRIM(Table_Employee_Clean[[#This Row],[Region]])) -> Bob Davis FROM Illinois
A358: EMP1356 | B358: Heidi | C358: Johnson | D358: 30 | E358: Finance | F358: California | G358: Pending | H358: 43972 | I358: 107327.59 | J358: heidi.johnson@example.com | K358: -3960962625 | L358: Poor | M358: FALSE | N358: {=IF(Table_Employee!I358="N/A", IFERROR(MEDIAN(_xlfn._xlws.FILTER(Table_Employee_Clean[Salary], (Table_Employee_Clean[Department] = Table_Employee!E358) * (Table_Employee_Clean[Region] = Table_Employee!F358))), "N/A"), Table_Employee!I358)} -> 107327.59 | O358: =" "&SUBSTITUTE(Table_Employee_Clean[[#This Row],[Phone]],"-","") -> 3960962625 | P358: =TEXT(Table_Employee_Clean[[#This Row],[Format_Phone]],"(000) 000-0000") -> (396) 096-2625 | Q358: =CONCATENATE(TRIM(Table_Employee_Clean[[#This Row],[First_Name]])," ",TRIM(Table_Employee_Clean[[#This Row],[Last_Name]])) -> Heidi Johnson | R358: =DATEDIF(Table_Employee_Clean[[#This Row],[Join_Date]], TODAY(), "y") -> 6 | S358: =CONCATENATE(TRIM(Table_Employee_Clean[[#This Row],[Name_Concat]])," FROM ",TRIM(Table_Employee_Clean[[#This Row],[Region]])) -> Heidi Johnson FROM California
... A399: EMP1397 | B399: Eva | C399: Miller | D399: 30 | E399: Finance | F399: Nevada | G399: Active | H399: 45272 | I399: 56662.86 | J399: eva.miller@example.com | K399: -3629489785 | L399: Average | M399: TRUE | N399: {=IF(Table_Employee!I399="N/A", IFERROR(MEDIAN(_xlfn._xlws.FILTER(Table_Employee_Clean[Salary], (Table_Employee_Clean[Department] = Table_Employee!E399) * (Table_Employee_Clean[Region] = Table_Employee!F399))), "N/A"), Table_Employee!I399)} -> 56662.86 | O399: =" "&SUBSTITUTE(Table_Employee_Clean[[#This Row],[Phone]],"-","") -> 3629489785 | P399: =TEXT(Table_Employee_Clean[[#This Row],[Format_Phone]],"(000) 000-0000") -> (362) 948-9785 | Q399: =CONCATENATE(TRIM(Table_Employee_Clean[[#This Row],[First_Name]])," ",TRIM(Table_Employee_Clean[[#This Row],[Last_Name]])) -> Eva Miller | R399: =DATEDIF(Table_Employee_Clean[[#This Row],[Join_Date]], TODAY(), "y") -> 2 | S399: =CONCATENATE(TRIM(Table_Employee_Clean[[#This Row],[Name_Concat]])," FROM ",TRIM(Table_Employee_Clean[[#This Row],[Region]])) -> Eva Miller FROM Nevada
A400: EMP1398 | B400: Bob | C400: Garcia | D400: 30 | E400: Sales | F400: New York | G400: Pending | H400: 45223 | I400: N/A | J400: bob.garcia@example.com | K400: -1031310093 | L400: Excellent | M400: TRUE | N400: {=IF(Table_Employee!I400="N/A", IFERROR(MEDIAN(_xlfn._xlws.FILTER(Table_Employee_Clean[Salary], (Table_Employee_Clean[Department] = Table_Employee!E400) * (Table_Employee_Clean[Region] = Table_Employee!F400))), "N/A"), Table_Employee!I400)} -> 81934.55 | O400: =" "&SUBSTITUTE(Table_Employee_Clean[[#This Row],[Phone]],"-","") -> 1031310093 | P400: =TEXT(Table_Employee_Clean[[#This Row],[Format_Phone]],"(000) 000-0000") -> (103) 131-0093 | Q400: =CONCATENATE(TRIM(Table_Employee_Clean[[#This Row],[First_Name]])," ",TRIM(Table_Employee_Clean[[#This Row],[Last_Name]])) -> Bob Garcia | R400: =DATEDIF(Table_Employee_Clean[[#This Row],[Join_Date]], TODAY(), "y") -> 2 | S400: =CONCATENATE(TRIM(Table_Employee_Clean[[#This Row],[Name_Concat]])," FROM ",TRIM(Table_Employee_Clean[[#This Row],[Region]])) -> Bob Garcia FROM New York
A401: EMP1399 | B401: Frank | C401: Smith | D401: 25 | E401: Finance | F401: Nevada | G401: Active | H401: 44809 | I401: 54957.98 | J401: frank.smith@example.com | K401: -3181439665 | L401: Excellent | M401: TRUE | N401: {=IF(Table_Employee!I401="N/A", IFERROR(MEDIAN(_xlfn._xlws.FILTER(Table_Employee_Clean[Salary], (Table_Employee_Clean[Department] = Table_Employee!E401) * (Table_Employee_Clean[Region] = Table_Employee!F401))), "N/A"), Table_Employee!I401)} -> 54957.98 | O401: =" "&SUBSTITUTE(Table_Employee_Clean[[#This Row],[Phone]],"-","") -> 3181439665 | P401: =TEXT(Table_Employee_Clean[[#This Row],[Format_Phone]],"(000) 000-0000") -> (318) 143-9665 | Q401: =CONCATENATE(TRIM(Table_Employee_Clean[[#This Row],[First_Name]])," ",TRIM(Table_Employee_Clean[[#This Row],[Last_Name]])) -> Frank Smith | R401: =DATEDIF(Table_Employee_Clean[[#This Row],[Join_Date]], TODAY(), "y") -> 4 | S401: =CONCATENATE(TRIM(Table_Employee_Clean[[#This Row],[Name_Concat]])," FROM ",TRIM(Table_Employee_Clean[[#This Row],[Region]])) -> Frank Smith FROM Nevada
A402: EMP1400 | B402: Bob | C402: Garcia | D402: 25 | E402: HR | F402: California | G402: Inactive | H402: 44111 | I402: 76790.47 | J402: bob.garcia@example.com | K402: -1347323548 | L402: Excellent | M402: TRUE | N402: {=IF(Table_Employee!I402="N/A", IFERROR(MEDIAN(_xlfn._xlws.FILTER(Table_Employee_Clean[Salary], (Table_Employee_Clean[Department] = Table_Employee!E402) * (Table_Employee_Clean[Region] = Table_Employee!F402))), "N/A"), Table_Employee!I402)} -> 76790.47 | O402: =" "&SUBSTITUTE(Table_Employee_Clean[[#This Row],[Phone]],"-","") -> 1347323548 | P402: =TEXT(Table_Employee_Clean[[#This Row],[Format_Phone]],"(000) 000-0000") -> (134) 732-3548 | Q402: =CONCATENATE(TRIM(Table_Employee_Clean[[#This Row],[First_Name]])," ",TRIM(Table_Employee_Clean[[#This Row],[Last_Name]])) -> Bob Garcia | R402: =DATEDIF(Table_Employee_Clean[[#This Row],[Join_Date]], TODAY(), "y") -> 6 | S402: =CONCATENATE(TRIM(Table_Employee_Clean[[#This Row],[Name_Concat]])," FROM ",TRIM(Table_Employee_Clean[[#This Row],[Region]])) -> Bob Garcia FROM California
A403: EMP1401 | B403: Charlie | C403: Brown | D403: 30 | E403: Cloud Tech | F403: Illinois | G403: Pending | H403: 43848 | I403: 92722.35 | J403: charlie.brown@example.com | K403: -4012897431 | L403: Excellent | M403: FALSE | N403: {=IF(Table_Employee!I403="N/A", IFERROR(MEDIAN(_xlfn._xlws.FILTER(Table_Employee_Clean[Salary], (Table_Employee_Clean[Department] = Table_Employee!E403) * (Table_Employee_Clean[Region] = Table_Employee!F403))), "N/A"), Table_Employee!I403)} -> 92722.35 | O403: =" "&SUBSTITUTE(Table_Employee_Clean[[#This Row],[Phone]],"-","") -> 4012897431 | P403: =TEXT(Table_Employee_Clean[[#This Row],[Format_Phone]],"(000) 000-0000") -> (401) 289-7431 | Q403: =CONCATENATE(TRIM(Table_Employee_Clean[[#This Row],[First_Name]])," ",TRIM(Table_Employee_Clean[[#This Row],[Last_Name]])) -> Charlie Brown | R403: =DATEDIF(Table_Employee_Clean[[#This Row],[Join_Date]], TODAY(), "y") -> 6 | S403: =CONCATENATE(TRIM(Table_Employee_Clean[[#This Row],[Name_Concat]])," FROM ",TRIM(Table_Employee_Clean[[#This Row],[Region]])) -> Charlie Brown FROM Illinois
A404: EMP1402 | B404: Frank | C404: Williams | D404: 30 | E404: DevOps | F404: Nevada | G404: Active | H404: 44674 | I404: 93125.32 | J404: frank.williams@example.com | K404: -5122572075 | L404: Average | M404: FALSE | N404: {=IF(Table_Employee!I404="N/A", IFERROR(MEDIAN(_xlfn._xlws.FILTER(Table_Employee_Clean[Salary], (Table_Employee_Clean[Department] = Table_Employee!E404) * (Table_Employee_Clean[Region] = Table_Employee!F404))), "N/A"), Table_Employee!I404)} -> 93125.32 | O404: =" "&SUBSTITUTE(Table_Employee_Clean[[#This Row],[Phone]],"-","") -> 5122572075 | P404: =TEXT(Table_Employee_Clean[[#This Row],[Format_Phone]],"(000) 000-0000") -> (512) 257-2075 | Q404: =CONCATENATE(TRIM(Table_Employee_Clean[[#This Row],[First_Name]])," ",TRIM(Table_Employee_Clean[[#This Row],[Last_Name]])) -> Frank Williams | R404: =DATEDIF(Table_Employee_Clean[[#This Row],[Join_Date]], TODAY(), "y") -> 4 | S404: =CONCATENATE(TRIM(Table_Employee_Clean[[#This Row],[Name_Concat]])," FROM ",TRIM(Table_Employee_Clean[[#This Row],[Region]])) -> Frank Williams FROM Nevada
A405: EMP1403 | B405: David | C405: Smith | D405: 25 | E405: Cloud Tech | F405: New York | G405: Active | H405: 45038 | I405: 101100.64 | J405: david.smith@example.com | K405: -5024120956 | L405: Average | M405: FALSE | N405: {=IF(Table_Employee!I405="N/A", IFERROR(MEDIAN(_xlfn._xlws.FILTER(Table_Employee_Clean[Salary], (Table_Employee_Clean[Department] = Table_Employee!E405) * (Table_Employee_Clean[Region] = Table_Employee!F405))), "N/A"), Table_Employee!I405)} -> 101100.64 | O405: =" "&SUBSTITUTE(Table_Employee_Clean[[#This Row],[Phone]],"-","") -> 5024120956 | P405: =TEXT(Table_Employee_Clean[[#This Row],[Format_Phone]],"(000) 000-0000") -> (502) 412-0956 | Q405: =CONCATENATE(TRIM(Table_Employee_Clean[[#This Row],[First_Name]])," ",TRIM(Table_Employee_Clean[[#This Row],[Last_Name]])) -> David Smith | R405: =DATEDIF(Table_Employee_Clean[[#This Row],[Join_Date]], TODAY(), "y") -> 3 | S405: =CONCATENATE(TRIM(Table_Employee_Clean[[#This Row],[Name_Concat]])," FROM ",TRIM(Table_Employee_Clean[[#This Row],[Region]])) -> David Smith FROM New York
A406: EMP1404 | B406: Grace | C406: Garcia | D406: 35 | E406: Admin | F406: New York | G406: Inactive | H406: 45151 | I406: 55897.41 | J406: grace.garcia@example.com | K406: -9073710093 | L406: Poor | M406: FALSE | N406: {=IF(Table_Employee!I406="N/A", IFERROR(MEDIAN(_xlfn._xlws.FILTER(Table_Employee_Clean[Salary], (Table_Employee_Clean[Department] = Table_Employee!E406) * (Table_Employee_Clean[Region] = Table_Employee!F406))), "N/A"), Table_Employee!I406)} -> 55897.41 | O406: =" "&SUBSTITUTE(Table_Employee_Clean[[#This Row],[Phone]],"-","") -> 9073710093 | P406: =TEXT(Table_Employee_Clean[[#This Row],[Format_Phone]],"(000) 000-0000") -> (907) 371-0093 | Q406: =CONCATENATE(TRIM(Table_Employee_Clean[[#This Row],[First_Name]])," ",TRIM(Table_Employee_Clean[[#This Row],[Last_Name]])) -> Grace Garcia | R406: =DATEDIF(Table_Employee_Clean[[#This Row],[Join_Date]], TODAY(), "y") -> 3 | S406: =CONCATENATE(TRIM(Table_Employee_Clean[[#This Row],[Name_Concat]])," FROM ",TRIM(Table_Employee_Clean[[#This Row],[Region]])) -> Grace Garcia FROM New York
A407: EMP1405 | B407: Eva | C407: Brown | D407: 25 | E407: DevOps | F407: California | G407: Active | H407: 44891 | I407: 92484.88 | J407: eva.brown@example.com | K407: -3882211456 | L407: Good | M407: TRUE | N407: {=IF(Table_Employee!I407="N/A", IFERROR(MEDIAN(_xlfn._xlws.FILTER(Table_Employee_Clean[Salary], (Table_Employee_Clean[Department] = Table_Employee!E407) * (Table_Employee_Clean[Region] = Table_Employee!F407))), "N/A"), Table_Employee!I407)} -> 92484.88 | O407: =" "&SUBSTITUTE(Table_Employee_Clean[[#This Row],[Phone]],"-","") -> 3882211456 | P407: =TEXT(Table_Employee_Clean[[#This Row],[Format_Phone]],"(000) 000-0000") -> (388) 221-1456 | Q407: =CONCATENATE(TRIM(Table_Employee_Clean[[#This Row],[First_Name]])," ",TRIM(Table_Employee_Clean[[#This Row],[Last_Name]])) -> Eva Brown | R407: =DATEDIF(Table_Employee_Clean[[#This Row],[Join_Date]], TODAY(), "y") -> 3 | S407: =CONCATENATE(TRIM(Table_Employee_Clean[[#This Row],[Name_Concat]])," FROM ",TRIM(Table_Employee_Clean[[#This Row],[Region]])) -> Eva Brown FROM California
A408: EMP1406 | B408: Grace | C408: Miller | D408: 35 | E408: DevOps | F408: Texas | G408: Active | H408: 44844 | I408: 77011.99 | J408: grace.miller@example.com | K408: -7584745704 | L408: Average | M408: TRUE | N408: {=IF(Table_Employee!I408="N/A", IFERROR(MEDIAN(_xlfn._xlws.FILTER(Table_Employee_Clean[Salary], (Table_Employee_Clean[Department] = Table_Employee!E408) * (Table_Employee_Clean[Region] = Table_Employee!F408))), "N/A"), Table_Employee!I408)} -> 77011.99 | O408: =" "&SUBSTITUTE(Table_Employee_Clean[[#This Row],[Phone]],"-","") -> 7584745704 | P408: =TEXT(Table_Employee_Clean[[#This Row],[Format_Phone]],"(000) 000-0000") -> (758) 474-5704 | Q408: =CONCATENATE(TRIM(Table_Employee_Clean[[#This Row],[First_Name]])," ",TRIM(Table_Employee_Clean[[#This Row],[Last_Name]])) -> Grace Miller | R408: =DATEDIF(Table_Employee_Clean[[#This Row],[Join_Date]], TODAY(), "y") -> 4 | S408: =CONCATENATE(TRIM(Table_Employee_Clean[[#This Row],[Name_Concat]])," FROM ",TRIM(Table_Employee_Clean[[#This Row],[Region]])) -> Grace Miller FROM Texas
A409: EMP1407 | B409: Bob | C409: Garcia | D409: 30 | E409: Cloud Tech | F409: California | G409: Inactive | H409: 44101 | I409: 77078.68 | J409: bob.garcia@example.com | K409: -4589714801 | L409: Average | M409: TRUE | N409: {=IF(Table_Employee!I409="N/A", IFERROR(MEDIAN(_xlfn._xlws.FILTER(Table_Employee_Clean[Salary], (Table_Employee_Clean[Department] = Table_Employee!E409) * (Table_Employee_Clean[Region] = Table_Employee!F409))), "N/A"), Table_Employee!I409)} -> 77078.68 | O409: =" "&SUBSTITUTE(Table_Employee_Clean[[#This Row],[Phone]],"-","") -> 4589714801 | P409: =TEXT(Table_Employee_Clean[[#This Row],[Format_Phone]],"(000) 000-0000") -> (458) 971-4801 | Q409: =CONCATENATE(TRIM(Table_Employee_Clean[[#This Row],[First_Name]])," ",TRIM(Table_Employee_Clean[[#This Row],[Last_Name]])) -> Bob Garcia | R409: =DATEDIF(Table_Employee_Clean[[#This Row],[Join_Date]], TODAY(), "y") -> 6 | S409: =CONCATENATE(TRIM(Table_Employee_Clean[[#This Row],[Name_Concat]])," FROM ",TRIM(Table_Employee_Clean[[#This Row],[Region]])) -> Bob Garcia FROM California
A410: EMP1408 | B410: Grace | C410: Brown | D410: 35 | E410: Sales | F410: Nevada | G410: Active | H410: 45393 | I410: 82971.02 | J410: grace.brown@example.com | K410: -6325703964 | L410: Good | M410: FALSE | N410: {=IF(Table_Employee!I410="N/A", IFERROR(MEDIAN(_xlfn._xlws.FILTER(Table_Employee_Clean[Salary], (Table_Employee_Clean[Department] = Table_Employee!E410) * (Table_Employee_Clean[Region] = Table_Employee!F410))), "N/A"), Table_Employee!I410)} -> 82971.02 | O410: =" "&SUBSTITUTE(Table_Employee_Clean[[#This Row],[Phone]],"-","") -> 6325703964 | P410: =TEXT(Table_Employee_Clean[[#This Row],[Format_Phone]],"(000) 000-0000") -> (632) 570-3964 | Q410: =CONCATENATE(TRIM(Table_Employee_Clean[[#This Row],[First_Name]])," ",TRIM(Table_Employee_Clean[[#This Row],[Last_Name]])) -> Grace Brown | R410: =DATEDIF(Table_Employee_Clean[[#This Row],[Join_Date]], TODAY(), "y") -> 2 | S410: =CONCATENATE(TRIM(Table_Employee_Clean[[#This Row],[Name_Concat]])," FROM ",TRIM(Table_Employee_Clean[[#This Row],[Region]])) -> Grace Brown FROM Nevada
A411: EMP1409 | B411: Bob | C411: Miller | D411: 25 | E411: Sales | F411: Texas | G411: Active | H411: 44367 | I411: 65102.01 | J411: bob.miller@example.com | K411: -3136148781 | L411: Average | M411: TRUE | N411: {=IF(Table_Employee!I411="N/A", IFERROR(MEDIAN(_xlfn._xlws.FILTER(Table_Employee_Clean[Salary], (Table_Employee_Clean[Department] = Table_Employee!E411) * (Table_Employee_Clean[Region] = Table_Employee!F411))), "N/A"), Table_Employee!I411)} -> 65102.01 | O411: =" "&SUBSTITUTE(Table_Employee_Clean[[#This Row],[Phone]],"-","") -> 3136148781 | P411: =TEXT(Table_Employee_Clean[[#This Row],[Format_Phone]],"(000) 000-0000") -> (313) 614-8781 | Q411: =CONCATENATE(TRIM(Table_Employee_Clean[[#This Row],[First_Name]])," ",TRIM(Table_Employee_Clean[[#This Row],[Last_Name]])) -> Bob Miller | R411: =DATEDIF(Table_Employee_Clean[[#This Row],[Join_Date]], TODAY(), "y") -> 5 | S411: =CONCATENATE(TRIM(Table_Employee_Clean[[#This Row],[Name_Concat]])," FROM ",TRIM(Table_Employee_Clean[[#This Row],[Region]])) -> Bob Miller FROM Texas
A412: EMP1410 | B412: Grace | C412: Williams | D412: 30 | E412: HR | F412: Nevada | G412: Pending | H412: 44857 | I412: 103697.7 | J412: grace.williams@example.com | K412: -4556964429 | L412: Excellent | M412: TRUE | N412: {=IF(Table_Employee!I412="N/A", IFERROR(MEDIAN(_xlfn._xlws.FILTER(Table_Employee_Clean[Salary], (Table_Employee_Clean[Department] = Table_Employee!E412) * (Table_Employee_Clean[Region] = Table_Employee!F412))), "N/A"), Table_Employee!I412)} -> 103697.7 | O412: =" "&SUBSTITUTE(Table_Employee_Clean[[#This Row],[Phone]],"-","") -> 4556964429 | P412: =TEXT(Table_Employee_Clean[[#This Row],[Format_Phone]],"(000) 000-0000") -> (455) 696-4429 | Q412: =CONCATENATE(TRIM(Table_Employee_Clean[[#This Row],[First_Name]])," ",TRIM(Table_Employee_Clean[[#This Row],[Last_Name]])) -> Grace Williams | R412: =DATEDIF(Table_Employee_Clean[[#This Row],[Join_Date]], TODAY(), "y") -> 3 | S412: =CONCATENATE(TRIM(Table_Employee_Clean[[#This Row],[Name_Concat]])," FROM ",TRIM(Table_Employee_Clean[[#This Row],[Region]])) -> Grace Williams FROM Nevada
... A578: EMP1576 | B578: Frank | C578: Jones | D578: 30 | E578: Sales | F578: Florida | G578: Inactive | H578: 43920 | I578: 70750.38 | J578: frank.jones@example.com | K578: -2526546967 | L578: Poor | M578: FALSE | N578: {=IF(Table_Employee!I578="N/A", IFERROR(MEDIAN(_xlfn._xlws.FILTER(Table_Employee_Clean[Salary], (Table_Employee_Clean[Department] = Table_Employee!E578) * (Table_Employee_Clean[Region] = Table_Employee!F578))), "N/A"), Table_Employee!I578)} -> 70750.38 | O578: =" "&SUBSTITUTE(Table_Employee_Clean[[#This Row],[Phone]],"-","") -> 2526546967 | P578: =TEXT(Table_Employee_Clean[[#This Row],[Format_Phone]],"(000) 000-0000") -> (252) 654-6967 | Q578: =CONCATENATE(TRIM(Table_Employee_Clean[[#This Row],[First_Name]])," ",TRIM(Table_Employee_Clean[[#This Row],[Last_Name]])) -> Frank Jones | R578: =DATEDIF(Table_Employee_Clean[[#This Row],[Join_Date]], TODAY(), "y") -> 6 | S578: =CONCATENATE(TRIM(Table_Employee_Clean[[#This Row],[Name_Concat]])," FROM ",TRIM(Table_Employee_Clean[[#This Row],[Region]])) -> Frank Jones FROM Florida
A579: EMP1577 | B579: Frank | C579: Miller | D579: 30 | E579: Cloud Tech | F579: Texas | G579: Active | H579: 45414 | I579: N/A | J579: frank.miller@example.com | K579: -1579039234 | L579: Excellent | M579: TRUE | N579: {=IF(Table_Employee!I579="N/A", IFERROR(MEDIAN(_xlfn._xlws.FILTER(Table_Employee_Clean[Salary], (Table_Employee_Clean[Department] = Table_Employee!E579) * (Table_Employee_Clean[Region] = Table_Employee!F579))), "N/A"), Table_Employee!I579)} -> 81250.87 | O579: =" "&SUBSTITUTE(Table_Employee_Clean[[#This Row],[Phone]],"-","") -> 1579039234 | P579: =TEXT(Table_Employee_Clean[[#This Row],[Format_Phone]],"(000) 000-0000") -> (157) 903-9234 | Q579: =CONCATENATE(TRIM(Table_Employee_Clean[[#This Row],[First_Name]])," ",TRIM(Table_Employee_Clean[[#This Row],[Last_Name]])) -> Frank Miller | R579: =DATEDIF(Table_Employee_Clean[[#This Row],[Join_Date]], TODAY(), "y") -> 2 | S579: =CONCATENATE(TRIM(Table_Employee_Clean[[#This Row],[Name_Concat]])," FROM ",TRIM(Table_Employee_Clean[[#This Row],[Region]])) -> Frank Miller FROM Texas
A580: EMP1578 | B580: Bob | C580: Johnson | D580: 30 | E580: DevOps | F580: Nevada | G580: Active | H580: 45602 | I580: 97978.36 | J580: bob.johnson@example.com | K580: -5580996131 | L580: Poor | M580: TRUE | N580: {=IF(Table_Employee!I580="N/A", IFERROR(MEDIAN(_xlfn._xlws.FILTER(Table_Employee_Clean[Salary], (Table_Employee_Clean[Department] = Table_Employee!E580) * (Table_Employee_Clean[Region] = Table_Employee!F580))), "N/A"), Table_Employee!I580)} -> 97978.36 | O580: =" "&SUBSTITUTE(Table_Employee_Clean[[#This Row],[Phone]],"-","") -> 5580996131 | P580: =TEXT(Table_Employee_Clean[[#This Row],[Format_Phone]],"(000) 000-0000") -> (558) 099-6131 | Q580: =CONCATENATE(TRIM(Table_Employee_Clean[[#This Row],[First_Name]])," ",TRIM(Table_Employee_Clean[[#This Row],[Last_Name]])) -> Bob Johnson | R580: =DATEDIF(Table_Employee_Clean[[#This Row],[Join_Date]], TODAY(), "y") -> 1 | S580: =CONCATENATE(TRIM(Table_Employee_Clean[[#This Row],[Name_Concat]])," FROM ",TRIM(Table_Employee_Clean[[#This Row],[Region]])) -> Bob Johnson FROM Nevada
A581: EMP1579 | B581: David | C581: Johnson | D581: 30 | E581: DevOps | F581: Nevada | G581: Inactive | H581: 45155 | I581: 107172.8 | J581: david.johnson@example.com | K581: -7303461561 | L581: Excellent | M581: TRUE | N581: {=IF(Table_Employee!I581="N/A", IFERROR(MEDIAN(_xlfn._xlws.FILTER(Table_Employee_Clean[Salary], (Table_Employee_Clean[Department] = Table_Employee!E581) * (Table_Employee_Clean[Region] = Table_Employee!F581))), "N/A"), Table_Employee!I581)} -> 107172.8 | O581: =" "&SUBSTITUTE(Table_Employee_Clean[[#This Row],[Phone]],"-","") -> 7303461561 | P581: =TEXT(Table_Employee_Clean[[#This Row],[Format_Phone]],"(000) 000-0000") -> (730) 346-1561 | Q581: =CONCATENATE(TRIM(Table_Employee_Clean[[#This Row],[First_Name]])," ",TRIM(Table_Employee_Clean[[#This Row],[Last_Name]])) -> David Johnson | R581: =DATEDIF(Table_Employee_Clean[[#This Row],[Join_Date]], TODAY(), "y") -> 3 | S581: =CONCATENATE(TRIM(Table_Employee_Clean[[#This Row],[Name_Concat]])," FROM ",TRIM(Table_Employee_Clean[[#This Row],[Region]])) -> David Johnson FROM Nevada
A582: EMP1580 | B582: Charlie | C582: Miller | D582: 25 | E582: Finance | F582: Nevada | G582: Inactive | H582: 43908 | I582: 56126.46 | J582: charlie.miller@example.com | K582: -6244670461 | L582: Poor | M582: TRUE | N582: {=IF(Table_Employee!I582="N/A", IFERROR(MEDIAN(_xlfn._xlws.FILTER(Table_Employee_Clean[Salary], (Table_Employee_Clean[Department] = Table_Employee!E582) * (Table_Employee_Clean[Region] = Table_Employee!F582))), "N/A"), Table_Employee!I582)} -> 56126.46 | O582: =" "&SUBSTITUTE(Table_Employee_Clean[[#This Row],[Phone]],"-","") -> 6244670461 | P582: =TEXT(Table_Employee_Clean[[#This Row],[Format_Phone]],"(000) 000-0000") -> (624) 467-0461 | Q582: =CONCATENATE(TRIM(Table_Employee_Clean[[#This Row],[First_Name]])," ",TRIM(Table_Employee_Clean[[#This Row],[Last_Name]])) -> Charlie Miller | R582: =DATEDIF(Table_Employee_Clean[[#This Row],[Join_Date]], TODAY(), "y") -> 6 | S582: =CONCATENATE(TRIM(Table_Employee_Clean[[#This Row],[Name_Concat]])," FROM ",TRIM(Table_Employee_Clean[[#This Row],[Region]])) -> Charlie Miller FROM Nevada
A583: EMP1581 | B583: Eva | C583: Smith | D583: 30 | E583: Cloud Tech | F583: Illinois | G583: Active | H583: 44360 | I583: 78534.29 | J583: eva.smith@example.com | K583: -2681715159 | L583: Average | M583: TRUE | N583: {=IF(Table_Employee!I583="N/A", IFERROR(MEDIAN(_xlfn._xlws.FILTER(Table_Employee_Clean[Salary], (Table_Employee_Clean[Department] = Table_Employee!E583) * (Table_Employee_Clean[Region] = Table_Employee!F583))), "N/A"), Table_Employee!I583)} -> 78534.29 | O583: =" "&SUBSTITUTE(Table_Employee_Clean[[#This Row],[Phone]],"-","") -> 2681715159 | P583: =TEXT(Table_Employee_Clean[[#This Row],[Format_Phone]],"(000) 000-0000") -> (268) 171-5159 | Q583: =CONCATENATE(TRIM(Table_Employee_Clean[[#This Row],[First_Name]])," ",TRIM(Table_Employee_Clean[[#This Row],[Last_Name]])) -> Eva Smith | R583: =DATEDIF(Table_Employee_Clean[[#This Row],[Join_Date]], TODAY(), "y") -> 5 | S583: =CONCATENATE(TRIM(Table_Employee_Clean[[#This Row],[Name_Concat]])," FROM ",TRIM(Table_Employee_Clean[[#This Row],[Region]])) -> Eva Smith FROM Illinois
A584: EMP1582 | B584: Grace | C584: Brown | D584: 40 | E584: HR | F584: Texas | G584: Inactive | H584: 45209 | I584: N/A | J584: grace.brown@example.com | K584: -2529867075 | L584: Good | M584: FALSE | N584: {=IF(Table_Employee!I584="N/A", IFERROR(MEDIAN(_xlfn._xlws.FILTER(Table_Employee_Clean[Salary], (Table_Employee_Clean[Department] = Table_Employee!E584) * (Table_Employee_Clean[Region] = Table_Employee!F584))), "N/A"), Table_Employee!I584)} -> 91600.13 | O584: =" "&SUBSTITUTE(Table_Employee_Clean[[#This Row],[Phone]],"-","") -> 2529867075 | P584: =TEXT(Table_Employee_Clean[[#This Row],[Format_Phone]],"(000) 000-0000") -> (252) 986-7075 | Q584: =CONCATENATE(TRIM(Table_Employee_Clean[[#This Row],[First_Name]])," ",TRIM(Table_Employee_Clean[[#This Row],[Last_Name]])) -> Grace Brown | R584: =DATEDIF(Table_Employee_Clean[[#This Row],[Join_Date]], TODAY(), "y") -> 3 | S584: =CONCATENATE(TRIM(Table_Employee_Clean[[#This Row],[Name_Concat]])," FROM ",TRIM(Table_Employee_Clean[[#This Row],[Region]])) -> Grace Brown FROM Texas
A585: EMP1583 | B585: Bob | C585: Johnson | D585: 30 | E585: Cloud Tech | F585: Nevada | G585: Active | H585: 44563 | I585: 114963.34 | J585: bob.johnson@example.com | K585: -6046419784 | L585: Excellent | M585: FALSE | N585: {=IF(Table_Employee!I585="N/A", IFERROR(MEDIAN(_xlfn._xlws.FILTER(Table_Employee_Clean[Salary], (Table_Employee_Clean[Department] = Table_Employee!E585) * (Table_Employee_Clean[Region] = Table_Employee!F585))), "N/A"), Table_Employee!I585)} -> 114963.34 | O585: =" "&SUBSTITUTE(Table_Employee_Clean[[#This Row],[Phone]],"-","") -> 6046419784 | P585: =TEXT(Table_Employee_Clean[[#This Row],[Format_Phone]],"(000) 000-0000") -> (604) 641-9784 | Q585: =CONCATENATE(TRIM(Table_Employee_Clean[[#This Row],[First_Name]])," ",TRIM(Table_Employee_Clean[[#This Row],[Last_Name]])) -> Bob Johnson | R585: =DATEDIF(Table_Employee_Clean[[#This Row],[Join_Date]], TODAY(), "y") -> 4 | S585: =CONCATENATE(TRIM(Table_Employee_Clean[[#This Row],[Name_Concat]])," FROM ",TRIM(Table_Employee_Clean[[#This Row],[Region]])) -> Bob Johnson FROM Nevada
A586: EMP1584 | B586: Eva | C586: Miller | D586: 30 | E586: Cloud Tech | F586: California | G586: Inactive | H586: 44612 | I586: 77657.93 | J586: eva.miller@example.com | K586: -7585126860 | L586: Poor | M586: FALSE | N586: {=IF(Table_Employee!I586="N/A", IFERROR(MEDIAN(_xlfn._xlws.FILTER(Table_Employee_Clean[Salary], (Table_Employee_Clean[Department] = Table_Employee!E586) * (Table_Employee_Clean[Region] = Table_Employee!F586))), "N/A"), Table_Employee!I586)} -> 77657.93 | O586: =" "&SUBSTITUTE(Table_Employee_Clean[[#This Row],[Phone]],"-","") -> 7585126860 | P586: =TEXT(Table_Employee_Clean[[#This Row],[Format_Phone]],"(000) 000-0000") -> (758) 512-6860 | Q586: =CONCATENATE(TRIM(Table_Employee_Clean[[#This Row],[First_Name]])," ",TRIM(Table_Employee_Clean[[#This Row],[Last_Name]])) -> Eva Miller | R586: =DATEDIF(Table_Employee_Clean[[#This Row],[Join_Date]], TODAY(), "y") -> 4 | S586: =CONCATENATE(TRIM(Table_Employee_Clean[[#This Row],[Name_Concat]])," FROM ",TRIM(Table_Employee_Clean[[#This Row],[Region]])) -> Eva Miller FROM California
A587: EMP1585 | B587: Heidi | C587: Davis | D587: 30 | E587: Sales | F587: New York | G587: Active | H587: 45360 | I587: 77369.48 | J587: heidi.davis@example.com | K587: -2059438975 | L587: Average | M587: FALSE | N587: {=IF(Table_Employee!I587="N/A", IFERROR(MEDIAN(_xlfn._xlws.FILTER(Table_Employee_Clean[Salary], (Table_Employee_Clean[Department] = Table_Employee!E587) * (Table_Employee_Clean[Region] = Table_Employee!F587))), "N/A"), Table_Employee!I587)} -> 77369.48 | O587: =" "&SUBSTITUTE(Table_Employee_Clean[[#This Row],[Phone]],"-","") -> 2059438975 | P587: =TEXT(Table_Employee_Clean[[#This Row],[Format_Phone]],"(000) 000-0000") -> (205) 943-8975 | Q587: =CONCATENATE(TRIM(Table_Employee_Clean[[#This Row],[First_Name]])," ",TRIM(Table_Employee_Clean[[#This Row],[Last_Name]])) -> Heidi Davis | R587: =DATEDIF(Table_Employee_Clean[[#This Row],[Join_Date]], TODAY(), "y") -> 2 | S587: =CONCATENATE(TRIM(Table_Employee_Clean[[#This Row],[Name_Concat]])," FROM ",TRIM(Table_Employee_Clean[[#This Row],[Region]])) -> Heidi Davis FROM New York
A588: EMP1586 | B588: Eva | C588: Miller | D588: 30 | E588: HR | F588: Nevada | G588: Pending | H588: 45157 | I588: 76119.14 | J588: eva.miller@example.com | K588: -740177508 | L588: Good | M588: FALSE | N588: {=IF(Table_Employee!I588="N/A", IFERROR(MEDIAN(_xlfn._xlws.FILTER(Table_Employee_Clean[Salary], (Table_Employee_Clean[Department] = Table_Employee!E588) * (Table_Employee_Clean[Region] = Table_Employee!F588))), "N/A"), Table_Employee!I588)} -> 76119.14 | O588: =" "&SUBSTITUTE(Table_Employee_Clean[[#This Row],[Phone]],"-","") -> 740177508 | P588: =TEXT(Table_Employee_Clean[[#This Row],[Format_Phone]],"(000) 000-0000") -> (074) 017-7508 | Q588: =CONCATENATE(TRIM(Table_Employee_Clean[[#This Row],[First_Name]])," ",TRIM(Table_Employee_Clean[[#This Row],[Last_Name]])) -> Eva Miller | R588: =DATEDIF(Table_Employee_Clean[[#This Row],[Join_Date]], TODAY(), "y") -> 3 | S588: =CONCATENATE(TRIM(Table_Employee_Clean[[#This Row],[Name_Concat]])," FROM ",TRIM(Table_Employee_Clean[[#This Row],[Region]])) -> Eva Miller FROM Nevada
A589: EMP1587 | B589: Charlie | C589: Williams | D589: 25 | E589: Cloud Tech | F589: Texas | G589: Pending | H589: 45052 | I589: 77585.72 | J589: charlie.williams@example.com | K589: -5465408423 | L589: Excellent | M589: FALSE | N589: {=IF(Table_Employee!I589="N/A", IFERROR(MEDIAN(_xlfn._xlws.FILTER(Table_Employee_Clean[Salary], (Table_Employee_Clean[Department] = Table_Employee!E589) * (Table_Employee_Clean[Region] = Table_Employee!F589))), "N/A"), Table_Employee!I589)} -> 77585.72 | O589: =" "&SUBSTITUTE(Table_Employee_Clean[[#This Row],[Phone]],"-","") -> 5465408423 | P589: =TEXT(Table_Employee_Clean[[#This Row],[Format_Phone]],"(000) 000-0000") -> (546) 540-8423 | Q589: =CONCATENATE(TRIM(Table_Employee_Clean[[#This Row],[First_Name]])," ",TRIM(Table_Employee_Clean[[#This Row],[Last_Name]])) -> Charlie Williams | R589: =DATEDIF(Table_Employee_Clean[[#This Row],[Join_Date]], TODAY(), "y") -> 3 | S589: =CONCATENATE(TRIM(Table_Employee_Clean[[#This Row],[Name_Concat]])," FROM ",TRIM(Table_Employee_Clean[[#This Row],[Region]])) -> Charlie Williams FROM Texas
A590: EMP1588 | B590: Bob | C590: Brown | D590: 35 | E590: Admin | F590: Nevada | G590: Pending | H590: 45317 | I590: 74069.62 | J590: bob.brown@example.com | K590: -5607540914 | L590: Good | M590: FALSE | N590: {=IF(Table_Employee!I590="N/A", IFERROR(MEDIAN(_xlfn._xlws.FILTER(Table_Employee_Clean[Salary], (Table_Employee_Clean[Department] = Table_Employee!E590) * (Table_Employee_Clean[Region] = Table_Employee!F590))), "N/A"), Table_Employee!I590)} -> 74069.62 | O590: =" "&SUBSTITUTE(Table_Employee_Clean[[#This Row],[Phone]],"-","") -> 5607540914 | P590: =TEXT(Table_Employee_Clean[[#This Row],[Format_Phone]],"(000) 000-0000") -> (560) 754-0914 | Q590: =CONCATENATE(TRIM(Table_Employee_Clean[[#This Row],[First_Name]])," ",TRIM(Table_Employee_Clean[[#This Row],[Last_Name]])) -> Bob Brown | R590: =DATEDIF(Table_Employee_Clean[[#This Row],[Join_Date]], TODAY(), "y") -> 2 | S590: =CONCATENATE(TRIM(Table_Employee_Clean[[#This Row],[Name_Concat]])," FROM ",TRIM(Table_Employee_Clean[[#This Row],[Region]])) -> Bob Brown FROM Nevada
A591: EMP1589 | B591: Charlie | C591: Jones | D591: 30 | E591: Admin | F591: New York | G591: Pending | H591: 45540 | I591: 67691.92 | J591: charlie.jones@example.com | K591: -863218121 | L591: Average | M591: TRUE | N591: {=IF(Table_Employee!I591="N/A", IFERROR(MEDIAN(_xlfn._xlws.FILTER(Table_Employee_Clean[Salary], (Table_Employee_Clean[Department] = Table_Employee!E591) * (Table_Employee_Clean[Region] = Table_Employee!F591))), "N/A"), Table_Employee!I591)} -> 67691.92 | O591: =" "&SUBSTITUTE(Table_Employee_Clean[[#This Row],[Phone]],"-","") -> 863218121 | P591: =TEXT(Table_Employee_Clean[[#This Row],[Format_Phone]],"(000) 000-0000") -> (086) 321-8121 | Q591: =CONCATENATE(TRIM(Table_Employee_Clean[[#This Row],[First_Name]])," ",TRIM(Table_Employee_Clean[[#This Row],[Last_Name]])) -> Charlie Jones | R591: =DATEDIF(Table_Employee_Clean[[#This Row],[Join_Date]], TODAY(), "y") -> 2 | S591: =CONCATENATE(TRIM(Table_Employee_Clean[[#This Row],[Name_Concat]])," FROM ",TRIM(Table_Employee_Clean[[#This Row],[Region]])) -> Charlie Jones FROM New York
A592: EMP1590 | B592: Alice | C592: Smith | D592: 30 | E592: Finance | F592: Nevada | G592: Pending | H592: 43980 | I592: 70345.69 | J592: alice.smith@example.com | K592: -7645793896 | L592: Excellent | M592: TRUE | N592: {=IF(Table_Employee!I592="N/A", IFERROR(MEDIAN(_xlfn._xlws.FILTER(Table_Employee_Clean[Salary], (Table_Employee_Clean[Department] = Table_Employee!E592) * (Table_Employee_Clean[Region] = Table_Employee!F592))), "N/A"), Table_Employee!I592)} -> 70345.69 | O592: =" "&SUBSTITUTE(Table_Employee_Clean[[#This Row],[Phone]],"-","") -> 7645793896 | P592: =TEXT(Table_Employee_Clean[[#This Row],[Format_Phone]],"(000) 000-0000") -> (764) 579-3896 | Q592: =CONCATENATE(TRIM(Table_Employee_Clean[[#This Row],[First_Name]])," ",TRIM(Table_Employee_Clean[[#This Row],[Last_Name]])) -> Alice Smith | R592: =DATEDIF(Table_Employee_Clean[[#This Row],[Join_Date]], TODAY(), "y") -> 6 | S592: =CONCATENATE(TRIM(Table_Employee_Clean[[#This Row],[Name_Concat]])," FROM ",TRIM(Table_Employee_Clean[[#This Row],[Region]])) -> Alice Smith FROM Nevada
A593: EMP1591 | B593: Bob | C593: Garcia | D593: 30 | E593: DevOps | F593: Illinois | G593: Inactive | H593: 44508 | I593: 74999.69 | J593: bob.garcia@example.com | K593: -155029167 | L593: Good | M593: TRUE | N593: {=IF(Table_Employee!I593="N/A", IFERROR(MEDIAN(_xlfn._xlws.FILTER(Table_Employee_Clean[Salary], (Table_Employee_Clean[Department] = Table_Employee!E593) * (Table_Employee_Clean[Region] = Table_Employee!F593))), "N/A"), Table_Employee!I593)} -> 74999.69 | O593: =" "&SUBSTITUTE(Table_Employee_Clean[[#This Row],[Phone]],"-","") -> 155029167 | P593: =TEXT(Table_Employee_Clean[[#This Row],[Format_Phone]],"(000) 000-0000") -> (015) 502-9167 | Q593: =CONCATENATE(TRIM(Table_Employee_Clean[[#This Row],[First_Name]])," ",TRIM(Table_Employee_Clean[[#This Row],[Last_Name]])) -> Bob Garcia | R593: =DATEDIF(Table_Employee_Clean[[#This Row],[Join_Date]], TODAY(), "y") -> 4 | S593: =CONCATENATE(TRIM(Table_Employee_Clean[[#This Row],[Name_Concat]])," FROM ",TRIM(Table_Employee_Clean[[#This Row],[Region]])) -> Bob Garcia FROM Illinois
A594: EMP1592 | B594: David | C594: Jones | D594: 25 | E594: HR | F594: Illinois | G594: Active | H594: 44227 | I594: 72245.02 | J594: david.jones@example.com | K594: -1546602415 | L594: Poor | M594: TRUE | N594: {=IF(Table_Employee!I594="N/A", IFERROR(MEDIAN(_xlfn._xlws.FILTER(Table_Employee_Clean[Salary], (Table_Employee_Clean[Department] = Table_Employee!E594) * (Table_Employee_Clean[Region] = Table_Employee!F594))), "N/A"), Table_Employee!I594)} -> 72245.02 | O594: =" "&SUBSTITUTE(Table_Employee_Clean[[#This Row],[Phone]],"-","") -> 1546602415 | P594: =TEXT(Table_Employee_Clean[[#This Row],[Format_Phone]],"(000) 000-0000") -> (154) 660-2415 | Q594: =CONCATENATE(TRIM(Table_Employee_Clean[[#This Row],[First_Name]])," ",TRIM(Table_Employee_Clean[[#This Row],[Last_Name]])) -> David Jones | R594: =DATEDIF(Table_Employee_Clean[[#This Row],[Join_Date]], TODAY(), "y") -> 5 | S594: =CONCATENATE(TRIM(Table_Employee_Clean[[#This Row],[Name_Concat]])," FROM ",TRIM(Table_Employee_Clean[[#This Row],[Region]])) -> David Jones FROM Illinois
...

Sheet MessyWorkChart
A3: Row Labels | B3: Sum of Salary_fill
A4: Heidi Johnson | B4: 1777718.7
A5: Bob Garcia | B5: 1783326.3 | T5: Row Labels | U5: Count of Department
A6: Eva Jones | B6: 1808280.8 | F6: =COUNTA(Table_Employee_Clean[Employee_ID]) -> 1020 | T6: Admin | U6: 166
A7: David Johnson | B7: 1821773.3 | F7: =AVERAGE(Table_Employee_Clean[Salary_fill]) -> 85173.29 | T7: Cloud Tech | U7: 146
A8: Charlie Jones | B8: 1833846.9 | T8: DevOps | U8: 189
A9: Grace Smith | B9: 1905834.7 | T9: Finance | U9: 170
A10: Eva Miller | B10: 1945133.6 | T10: HR | U10: 171
A11: Frank Brown | B11: 1955758.7 | T11: Sales | U11: 178
A12: Frank Smith | B12: 2116556.5 | T12: Grand Total | U12: 1020
A13: Grace Brown | B13: 2436583.8
A14: Grand Total | B14: 19384813
A17: Row Labels | B17: Sum of Salary_fill
A18: DevOps | B18: 16264044
A19: Sales | B19: 15458515
A20: HR | B20: 14629238 | N20: =SUM(Table_Employee_Clean[Salary_fill]) -> 86876756
A21: Admin | B21: 14147961
A22: Finance | B22: 13975158
A23: Cloud Tech | B23: 12401841
A24: Grand Total | B24: 86876756
B38: Row Labels | C38: Count of Employee_ID
B39: California | C39: 187
B40: Florida | C40: 185 | R40: =COUNTIF(Table_Employee_Clean[Status],"Active")/COUNTA(Table_Employee_Clean[Status]) -> 0.34509804
B41: Illinois | C41: 165 | R41: =COUNTIF(Table_Employee_Clean[Status],"Inactive")/COUNTA(Table_Employee_Clean[Status]) -> 0.30588235
B42: Nevada | C42: 169 | R42: =COUNTIF(Table_Employee_Clean[Status],"pending")/COUNTA(Table_Employee_Clean[Status]) -> 0.34901961
B43: New York | C43: 161
B44: Texas | C44: 153
B45: Grand Total | C45: 1020
G47: Row Labels | H47: Count of Employee_ID
G48: California | H48: 187
G49: Florida | H49: 185
G50: Illinois | H50: 165
G51: Nevada | H51: 169
G52: New York | H52: 161
G53: Texas | H53: 153
G54: Grand Total | H54: 1020

Sheet Dashboard
D21: HIGEST SALARY | E21: Max of Salary_fill | G21: Row Labels | H21: Sum of Salary_fill
D22: Admin | G22: DevOps | H22: 16264044
D23: Bob Brown | E23: 119152.47 | G23: Sales | H23: 15458515
D24: Charlie Garcia | E24: 108210.15 | G24: HR | H24: 14629238
D25: Eva Davis | E25: 103140.67 | G25: Admin | H25: 14147961
D26: Cloud Tech | G26: Finance | H26: 13975158
D27: David Johnson | E27: 119217.46 | G27: Cloud Tech | H27: 12401841
D28: Charlie Brown | E28: 100371
D29: Bob Jones | E29: 98143.67
D30: DevOps
D31: Grace Brown | E31: 119586.11
D32: Grace Smith | E32: 114770.32
D33: Frank Johnson | E33: 109229.68
D34: Finance
D35: Frank Brown | E35: 116353.31
D36: Frank Smith | E36: 112120.71
D37: Grace Brown | E37: 109523.4
D38: HR
D39: Frank Smith | E39: 118456.11
D40: Eva Williams | E40: 116680.63
D41: Bob Davis | E41: 115022.1
D42: Sales
D43: Frank Jones | E43: 118907.63
D44: Grace Jones | E44: 117975.49
D45: David Garcia | E45: 98752.97
